paper_doi,citation,purpose,rapid_DNAtools,application,primer_name,primer_type,primer_sequence,developed_OR_applied,primer_citation,test_method,molecular_marker,GC,annealing_temperature,Shark_Ray_Chimaera,Order,Family,Genus,Species,Other
http://dx.doi.org/10.1038/s41598-020-61150-8,But et al. 2020,rapid_tools,LAMP,Tissue DNA,AP03B,B3(R),TGATAGTTGTAATAAAGTTG,both,But 2020 https://doi.org/10.1038/s41598-020-61150-8,in_silico,COI,na,58,Shark,Lamniformes,Alopiidae,Alopias,Alopias pelagicus,na
http://dx.doi.org/10.1038/s41598-020-61150-8,But et al. 2020,rapid_tools,LAMP,Tissue DNA,AP2A3B_BIPV9,BIP,GGAGCCGGTACTGGTTGAACCCTGCTAAATGGAGAGAGAA,both,But 2020 https://doi.org/10.1038/s41598-020-61150-8,in_silico,COI,na,70,Shark,Lamniformes,Alopiidae,Alopias,Alopias pelagicus,na
http://dx.doi.org/10.1038/s41598-020-61150-8,But et al. 2020,rapid_tools,LAMP,Tissue DNA,AP02A,F3(F),TTATACCCGTGATAATTGGC,both,But 2020 https://doi.org/10.1038/s41598-020-61150-8,in_silico,COI,na,58,Shark,Lamniformes,Alopiidae,Alopias,Alopias pelagicus,na
http://dx.doi.org/10.1038/s41598-020-61150-8,But et al. 2020,rapid_tools,LAMP,Tissue DNA,AP2A3B_FIPV2,FIP,GAGGGGGGAAGGAGTCAAAAGGATTTGGAAACTGACTAGTGC,both,But 2020 https://doi.org/10.1038/s41598-020-61150-8,in_silico,COI,na,70,Shark,Lamniformes,Alopiidae,Alopias,Alopias pelagicus,na
http://dx.doi.org/10.1002/aqc.3592,Lin et al. 2021,rapid_tools,LAMP,Tissue DNA,Ap_ND2-B3,B3(R),AGCCAAGATGTGCGATTG,developed,Lin 2021 http://dx.doi.org/10.1002/aqc.3592,lab_experiments,ND2,na,na,Shark,Lamniformes,Alopiidae,Alopias,Alopias pelagicus,na
http://dx.doi.org/10.1002/aqc.3592,Lin et al. 2021,rapid_tools,LAMP,Tissue DNA,Ap_ND2-BIP,BIP,TCTTCCTTGGAGTACTCTCAACTGGAGTAGGCTAGGATTTTTCG,developed,Lin 2021 http://dx.doi.org/10.1002/aqc.3592,lab_experiments,ND2,na,na,Shark,Lamniformes,Alopiidae,Alopias,Alopias pelagicus,na
http://dx.doi.org/10.1002/aqc.3592,Lin et al. 2021,rapid_tools,LAMP,Tissue DNA,Ap_ND2-F3,F3(F),CAGAAGTACTTCAAGGCTTAG,developed,Lin 2021 http://dx.doi.org/10.1002/aqc.3592,lab_experiments,ND2,na,na,Shark,Lamniformes,Alopiidae,Alopias,Alopias pelagicus,na
http://dx.doi.org/10.1002/aqc.3592,Lin et al. 2021,rapid_tools,LAMP,Tissue DNA,Ap_ND2-FIP,FIP,AGGGGTAGAGTTGTAAGAGAATAGCCCACAGGTCTCATTCTTTCC,developed,Lin 2021 http://dx.doi.org/10.1002/aqc.3592,lab_experiments,ND2,na,na,Shark,Lamniformes,Alopiidae,Alopias,Alopias pelagicus,na
http://dx.doi.org/10.1002/aqc.3592,Lin et al. 2021,rapid_tools,LAMP,Tissue DNA,Ap_ND2-LB,LB,GGGGCTGAGGAGGATTAAACCAAAC,developed,Lin 2021 http://dx.doi.org/10.1002/aqc.3592,lab_experiments,ND2,na,na,Shark,Lamniformes,Alopiidae,Alopias,Alopias pelagicus,na
https://doi.org/10.1371/journal.pone.0300383,Tiktak et al. 2024,rapid_tools,LAMP,Tissue DNA,Pelagic_thresher_shark_B3,B3(R),CTCGGTGTCCCAGATCAG,both,Tiktak 2024 https://doi.org/10.1371/journal.pone.0300383,lab_experiments,D-loop,,,Shark,Lamniformes,Alopiidae,Alopias,Alopias pelagicus,na
https://doi.org/10.1371/journal.pone.0300383,Tiktak et al. 2024,rapid_tools,LAMP,Tissue DNA,Pelagic_thresher_shark_BIP,BIP,CTCCCTTTTATGCCATTTTCGTCCAGTAATTGCTTCATCCCCG,both,Tiktak 2024 https://doi.org/10.1371/journal.pone.0300383,lab_experiments,D-loop,,,Shark,Lamniformes,Alopiidae,Alopias,Alopias pelagicus,na
https://doi.org/10.1371/journal.pone.0300383,Tiktak et al. 2024,rapid_tools,LAMP,Tissue DNA,Pelagic_thresher_shark_F3,F3(F),ATTTGTGGCACTGCACTC,both,Tiktak 2024 https://doi.org/10.1371/journal.pone.0300383,lab_experiments,D-loop,,,Shark,Lamniformes,Alopiidae,Alopias,Alopias pelagicus,na
https://doi.org/10.1371/journal.pone.0300383,Tiktak et al. 2024,rapid_tools,LAMP,Tissue DNA,Pelagic_thresher_shark_FIP,FIP,GGTACATTCATTCTTGACGCGATTACTAATCCCCATTAATTGACCAG,both,Tiktak 2024 https://doi.org/10.1371/journal.pone.0300383,lab_experiments,D-loop,,,Shark,Lamniformes,Alopiidae,Alopias,Alopias pelagicus,na
https://doi.org/10.1371/journal.pone.0300383,Tiktak et al. 2024,rapid_tools,LAMP,Tissue DNA,Pelagic_thresher_shark_LR,LR,TTGATCGTCTCAAGATTTCTTGTCC,both,Tiktak 2024 https://doi.org/10.1371/journal.pone.0300383,lab_experiments,D-loop,,,Shark,Lamniformes,Alopiidae,Alopias,Alopias pelagicus,na
http://dx.doi.org/10.1111/j.1755-0998.2011.03089.x,Caballero et al. 2012,rapid_tools,Multiplex PCR,Tissue DNA,Pelagic_thresherR,R,GTTTGATATTGGGAGATTGCAGGG,developed,Caballero 2011 https://doi.org/10.1111/j.1755-0998.2011.03089.x,lab_experiments,COI,na,63,Shark,Lamniformes,Alopiidae,Alopias,Alopias pelagicus,na
http://dx.doi.org/10.1111/j.1755-0998.2011.03089.x,Caballero et al. 2012,rapid_tools,Multiplex PCR,Tissue DNA,ThresherR_P,R,TAGAAGTGATCCTGGCTGTCCTAA,developed,Caballero 2011 https://doi.org/10.1111/j.1755-0998.2011.03089.x,lab_experiments,COI,na,63,Shark,Lamniformes,Alopiidae,Alopias,Alopias pelagicus,na
http://nsuworks.nova.edu/occ_stuetd/131,Abercrombie 2004,rapid_tools,Multiplex PCR; Multiplex qPCR,Tissue DNA,PelagicTresher1113F,F,CCGGCCATGCCTTCTGCAACTTG,applied,Abercrombie 2004 http://nsuworks.nova.edu/occ_stuetd/131,lab_experiments,ITS2,na,69,Shark,Lamniformes,Alopiidae,Alopias,Alopias pelagicus,na
http://dx.doi.org/10.1038/s41598-020-61150-8,But et al. 2020,rapid_tools,LAMP,Tissue DNA,AS11B,B3(R),CGATCAGTTAATAATATTGTG,both,But 2020 https://doi.org/10.1038/s41598-020-61150-8,in_silico,COI,na,62,Shark,Lamniformes,Alopiidae,Alopias,Alopias superciliosus,na
http://dx.doi.org/10.1038/s41598-020-61150-8,But et al. 2020,rapid_tools,LAMP,Tissue DNA,AS10A11B_BIPV2,BIP,TCAAACACCATTATTTGTATGATCACTGGGAGGGATAAGAGGA,both,But 2020 https://doi.org/10.1038/s41598-020-61150-8,in_silico,COI,na,65,Shark,Lamniformes,Alopiidae,Alopias,Alopias superciliosus,na
http://dx.doi.org/10.1038/s41598-020-61150-8,But et al. 2020,rapid_tools,LAMP,Tissue DNA,AS10A,F3(F),GTTGACTTGGCCATTTTCTCG,both,But 2020 https://doi.org/10.1038/s41598-020-61150-8,in_silico,COI,na,62,Shark,Lamniformes,Alopiidae,Alopias,Alopias superciliosus,na
http://dx.doi.org/10.1038/s41598-020-61150-8,But et al. 2020,rapid_tools,LAMP,Tissue DNA,AS10A11B_FIPV2,FIP,GTTGTAATAAAGTTAATTGAAGCTCTTCATTTAGCAGGTATC,both,But 2020 https://doi.org/10.1038/s41598-020-61150-8,in_silico,COI,na,65,Shark,Lamniformes,Alopiidae,Alopias,Alopias superciliosus,na
http://dx.doi.org/10.1002/aqc.3592,Lin et al. 2021,rapid_tools,LAMP,Tissue DNA,As_COI-B3,B3(R),TGCTAAGTTGCCAGCTAAG,developed,Lin 2021 http://dx.doi.org/10.1002/aqc.3592,lab_experiments,COI,na,na,Shark,Lamniformes,Alopiidae,Alopias,Alopias superciliosus,na
http://dx.doi.org/10.1002/aqc.3592,Lin et al. 2021,rapid_tools,LAMP,Tissue DNA,As_COI-BIP,BIP,CTCCTTCCCCCTTCTTTTCTCTTGGGATAAACTGTTCAACCAG,developed,Lin 2021 http://dx.doi.org/10.1002/aqc.3592,lab_experiments,COI,na,na,Shark,Lamniformes,Alopiidae,Alopias,Alopias superciliosus,na
http://dx.doi.org/10.1002/aqc.3592,Lin et al. 2021,rapid_tools,LAMP,Tissue DNA,As_COI-F3,F3(F),TGGTTATACCCGTAATAATTGG,developed,Lin 2021 http://dx.doi.org/10.1002/aqc.3592,lab_experiments,COI,na,na,Shark,Lamniformes,Alopiidae,Alopias,Alopias superciliosus,na
http://dx.doi.org/10.1002/aqc.3592,Lin et al. 2021,rapid_tools,LAMP,Tissue DNA,As_COI-FIB,FIP,GCTTATGTTATTTATTCGCGGGAAGATTTGGAAACTGATTAGTACCCTT,developed,Lin 2021 http://dx.doi.org/10.1002/aqc.3592,lab_experiments,COI,na,na,Shark,Lamniformes,Alopiidae,Alopias,Alopias superciliosus,na
http://dx.doi.org/10.1002/aqc.3592,Lin et al. 2021,rapid_tools,LAMP,Tissue DNA,As_COI-LB,LB,GCTGGGGTTGAAGCTGGAGC,developed,Lin 2021 http://dx.doi.org/10.1002/aqc.3592,lab_experiments,COI,na,na,Shark,Lamniformes,Alopiidae,Alopias,Alopias superciliosus,na
https://doi.org/10.1371/journal.pone.0300383,Tiktak et al. 2024,rapid_tools,LAMP,Tissue DNA,Big_eye_thresher_shark_B3,B3(R),GGAAGGAGCCTCAACTCCAG,both,Tiktak 2024 https://doi.org/10.1371/journal.pone.0300383,lab_experiments,ITS2,,,Shark,Lamniformes,Alopiidae,Alopias,Alopias superciliosus,na
https://doi.org/10.1371/journal.pone.0300383,Tiktak et al. 2024,rapid_tools,LAMP,Tissue DNA,Big_eye_thresher_shark_BIP,BIP,GCTGGTGGTGTGTTCGCTTTGGGCGTCAGCGCAGCCAA,both,Tiktak 2024 https://doi.org/10.1371/journal.pone.0300383,lab_experiments,ITS2,,,Shark,Lamniformes,Alopiidae,Alopias,Alopias superciliosus,na
https://doi.org/10.1371/journal.pone.0300383,Tiktak et al. 2024,rapid_tools,LAMP,Tissue DNA,Big_eye_thresher_shark_F3,F3(F),TCCGGATGGTAGCCGTGG,both,Tiktak 2024 https://doi.org/10.1371/journal.pone.0300383,lab_experiments,ITS2,,,Shark,Lamniformes,Alopiidae,Alopias,Alopias superciliosus,na
https://doi.org/10.1371/journal.pone.0300383,Tiktak et al. 2024,rapid_tools,LAMP,Tissue DNA,Big_eye_thresher_shark_FIP,FIP,GGACCAAACCAGTCACTGCGTTCAGGTGCAGGCGTTACC,both,Tiktak 2024 https://doi.org/10.1371/journal.pone.0300383,lab_experiments,ITS2,,,Shark,Lamniformes,Alopiidae,Alopias,Alopias superciliosus,na
https://doi.org/10.1371/journal.pone.0300383,Tiktak et al. 2024,rapid_tools,LAMP,Tissue DNA,Big_eye_thresher_shark_LF,LF,GCTCCGCTTCACCTCCTAC,both,Tiktak 2024 https://doi.org/10.1371/journal.pone.0300383,lab_experiments,ITS2,,,Shark,Lamniformes,Alopiidae,Alopias,Alopias superciliosus,na
https://doi.org/10.1371/journal.pone.0300383,Tiktak et al. 2024,rapid_tools,LAMP,Tissue DNA,Big_eye_thresher_shark_LR,LR,TGGCATTTCGGACGTGAGT,both,Tiktak 2024 https://doi.org/10.1371/journal.pone.0300383,lab_experiments,ITS2,,,Shark,Lamniformes,Alopiidae,Alopias,Alopias superciliosus,na
http://dx.doi.org/10.1111/j.1755-0998.2011.03089.x,Caballero et al. 2012,rapid_tools,Multiplex PCR,Tissue DNA,Bigeye_thresherR,R,TTGATGAGATACCTGCTAAATGAAGC,developed,Caballero 2011 https://doi.org/10.1111/j.1755-0998.2011.03089.x,lab_experiments,COI,na,63,Shark,Lamniformes,Alopiidae,Alopias,Alopias superciliosus,na
http://dx.doi.org/10.1111/j.1755-0998.2011.03089.x,Caballero et al. 2012,rapid_tools,Multiplex PCR,Tissue DNA,ThresherR_BE,R,TAGGAGTGATCCGGGCTGGCCTAA,developed,Caballero 2011 https://doi.org/10.1111/j.1755-0998.2011.03089.x,lab_experiments,COI,na,63,Shark,Lamniformes,Alopiidae,Alopias,Alopias superciliosus,na
http://dx.doi.org/10.1007/s12686-009-9131-7,Mendonça et al. 2009b,rapid_tools,Multiplex PCR,Tissue DNA,AsuF,F,GGTTATACCCGTAATAATTGGG,both,Mendon‚àö√üa et al. 2009 http://dx.doi.org/10.1007/s12686-009-9131-7,lab_experiments,COI,na,50,Shark,Lamniformes,Alopiidae,Alopias,Alopias superciliosus,na
http://nsuworks.nova.edu/occ_stuetd/131,Abercrombie 2004,rapid_tools,Multiplex PCR; Multiplex qPCR,Tissue DNA,BigeyeTresher272F,F,AGTGCTTGACCATTCGGTGTGCGT,applied,Abercrombie 2004 http://nsuworks.nova.edu/occ_stuetd/131,lab_experiments,ITS2,na,69,Shark,Lamniformes,Alopiidae,Alopias,Alopias superciliosus,na
http://dx.doi.org/10.1038/s41598-020-61150-8,But et al. 2020,rapid_tools,LAMP,Tissue DNA,AV03B,B3(R),CCTACTATAGTTGATAGTACTCCT,both,But 2020 https://doi.org/10.1038/s41598-020-61150-8,in_silico,ND2,na,60,Shark,Lamniformes,Alopiidae,Alopias,Alopias vulpinus,na
http://dx.doi.org/10.1038/s41598-020-61150-8,But et al. 2020,rapid_tools,LAMP,Tissue DNA,AV2A3B_BIPV2,BIP,TACTACCGGCCTCATTCTTTGTTTAGTGAAGGGTAAAGTTGT,both,But 2020 https://doi.org/10.1038/s41598-020-61150-8,in_silico,ND2,na,65,Shark,Lamniformes,Alopiidae,Alopias,Alopias vulpinus,na
http://dx.doi.org/10.1038/s41598-020-61150-8,But et al. 2020,rapid_tools,LAMP,Tissue DNA,AV02A,F3(F),AATTGGCCTAGCCCCACTT,both,But 2020 https://doi.org/10.1038/s41598-020-61150-8,in_silico,ND2,na,60,Shark,Lamniformes,Alopiidae,Alopias,Alopias vulpinus,na
http://dx.doi.org/10.1038/s41598-020-61150-8,But et al. 2020,rapid_tools,LAMP,Tissue DNA,AV2A3B_FIPV2,FIP,TCTAAGCCTTGGAGAACTTCCACTTCTGATTACCCGAA,both,But 2020 https://doi.org/10.1038/s41598-020-61150-8,in_silico,ND2,na,65,Shark,Lamniformes,Alopiidae,Alopias,Alopias vulpinus,na
http://dx.doi.org/10.1111/j.1755-0998.2011.03089.x,Caballero et al. 2012,rapid_tools,Multiplex PCR,Tissue DNA,Common_thresherR,R,TCCAGCATGTGCTAGATTTCCC,developed,Caballero 2011 https://doi.org/10.1111/j.1755-0998.2011.03089.x,lab_experiments,COI,na,63,Shark,Lamniformes,Alopiidae,Alopias,Alopias vulpinus,na
http://dx.doi.org/10.1111/j.1755-0998.2011.03089.x,Caballero et al. 2012,rapid_tools,Multiplex PCR,Tissue DNA,ThresherR_C,R,TAGAAGTGATCCGGGTTGTCCTAA,developed,Caballero 2011 https://doi.org/10.1111/j.1755-0998.2011.03089.x,lab_experiments,COI,na,63,Shark,Lamniformes,Alopiidae,Alopias,Alopias vulpinus,na
http://dx.doi.org/10.1007/s12686-009-9131-7,Mendonça et al. 2009b,rapid_tools,Multiplex PCR,Tissue DNA,AvuF,F,CCTCAGCTGGAGTTGAAGCC,both,Mendon‚àö√üa et al. 2009 http://dx.doi.org/10.1007/s12686-009-9131-7,lab_experiments,COI,na,50,Shark,Lamniformes,Alopiidae,Alopias,Alopias vulpinus,na
http://nsuworks.nova.edu/occ_stuetd/131,Abercrombie 2004,rapid_tools,Multiplex PCR; Multiplex qPCR; Taxon-Specific PCR,Tissue DNA,CommonTresher1048F,F,TTCCGTCTCCTTCCACACGTCGAGT,applied,Abercrombie 2004 http://nsuworks.nova.edu/occ_stuetd/131,lab_experiments,ITS2,na,69,Shark,Lamniformes,Alopiidae,Alopias,Alopias vulpinus,na
https://dx.doi.org/10.1002/aqc.3591,Cooper et al. 2021,rapid_tools,Real Time PCR (qPCR),eDNA,Anoxypristis_cuspidata_F,F,TGCCCCAGACCCACCTAGA,both,Cooper 2021 http://dx.doi.org/10.1002/aqc.3591,lab_experiments,12S,na,61.9,Ray,Rhinopristiformes,Pristidae,Anoxypristis,Anoxypristis cuspidata,na
https://dx.doi.org/10.1002/aqc.3591,Cooper et al. 2021,rapid_tools,Real Time PCR (qPCR),eDNA,Anoxypristis_cuspidata_R,R,CCTGACGTGTTGGAGGTTAATC,both,Cooper 2021 http://dx.doi.org/10.1002/aqc.3591,lab_experiments,12S,na,59,Ray,Rhinopristiformes,Pristidae,Anoxypristis,Anoxypristis cuspidata,na
http://dx.doi.org/10.1016/j.forsciint.2015.05.028,Hwang et al. 2015,rapid_tools,Real Time PCR (qPCR),Tissue DNA,BPCOIRT-F,F,GGGCCGGAACAGGTTGA,both,Hwang et al 2015,in_silico,COI,na,60,Ray,Rajiformes,Rajidae,Beringraja,Beringraja pulchra,na
http://dx.doi.org/10.1016/j.forsciint.2015.05.028,Hwang et al. 2015,rapid_tools,Real Time PCR (qPCR),Tissue DNA,BPCOIRT-R,R,CCCAGCGTGGGCTATATTTC,both,Hwang et al 2015,in_silico,COI,na,60,Ray,Rajiformes,Rajidae,Beringraja,Beringraja pulchra,na
http://dx.doi.org/10.1016/j.foodchem.2018.02.056,Kim et al. 2018,rapid_tools,Real Time PCR (qPCR),Tissue DNA,rajaF,F,CCGGCATCACTATACTGCTCA,both,Kim et al 2018,in_silico,COI,na,60,Ray,Rajiformes,Rajidae,Beringraja,Beringraja pulchra,na
http://dx.doi.org/10.1016/j.foodchem.2018.02.056,Kim et al. 2018,rapid_tools,Real Time PCR (qPCR),Tissue DNA,rajaR,R,AATCAAAATGTAGACCTCAGGATGG,both,Kim et al 2018,in_silico,COI,na,60,Ray,Rajiformes,Rajidae,Beringraja,Beringraja pulchra,na
https://doi.org/10.1071/PC24068,Jiménez-Pérez et al. 2025,rapid_tools,LAMP,Tissue DNA,F3(F),F3(F),TCTGACTTCTTCCACCATC,both,Jiménez-Pérez et al. 2025,lab_experiments,COI,na,69,Shark,Carcharhiniformes,Carcharhinidae,Carcharhinus,Carcharhinus falciformis,na
https://doi.org/10.1071/PC24068,Jiménez-Pérez et al. 2025,rapid_tools,LAMP,Tissue DNA,B3(R),B3(R),TGAAGCTAGAATAGATGACACA,both,Jiménez-Pérez et al. 2025,lab_experiments,COI,na,69,Shark,Carcharhiniformes,Carcharhinidae,Carcharhinus,Carcharhinus falciformis,na
https://doi.org/10.1071/PC24068,Jiménez-Pérez et al. 2025,rapid_tools,LAMP,Tissue DNA,FIP,FIP,AACTGTTCAACCAGTACCTGC-ATTTCTTCTTCTCCTCGCC,both,Jiménez-Pérez et al. 2025,lab_experiments,COI,na,69,Shark,Carcharhiniformes,Carcharhinidae,Carcharhinus,Carcharhinus falciformis,na
https://doi.org/10.1071/PC24068,Jiménez-Pérez et al. 2025,rapid_tools,LAMP,Tissue DNA,BIP,BIP,ATCCTCCATTAGCTAGTAACCTAGC-CCGGCTAAGTGAAGAGAGA,both,Jiménez-Pérez et al. 2025,lab_experiments,COI,na,69,Shark,Carcharhiniformes,Carcharhinidae,Carcharhinus,Carcharhinus falciformis,na
https://doi.org/10.1071/PC24068,Jiménez-Pérez et al. 2025,rapid_tools,LAMP,Tissue DNA,LF,LF,TCCAGCTTCTACTCCAGCAGA,both,Jiménez-Pérez et al. 2025,lab_experiments,COI,na,69,Shark,Carcharhiniformes,Carcharhinidae,Carcharhinus,Carcharhinus falciformis,na
https://doi.org/10.1071/PC24068,Jiménez-Pérez et al. 2025,rapid_tools,LAMP,Tissue DNA,LB,LB,ACATGCTGGACCATCTGTTGA,both,Jiménez-Pérez et al. 2025,lab_experiments,COI,na,69,Shark,Carcharhiniformes,Carcharhinidae,Carcharhinus,Carcharhinus falciformis,na
https://nsuworks.nova.edu/occ_stuetd/117/,Henning 2005,rapid_tools,Multiplex PCR,Tissue DNA,Dusky_1044F,F,TGCCCGTGGCCTGCTGCG,developed,Henning 2005 MSc Thesis,lab_experiments,ITS2,na,na,Shark,Carcharhiniformes,Carcharhinidae,Carcharhinus,Carcharhinus obscurus,na
http://dx.doi.org/10.1016/j.ecolind.2023.110718,Dunn et al. 2023,rapid_tools,Real Time PCR (qPCR),eDNA,C.albimarginatus-F,F,ATTGCCGGCCTAATCATTACTCTC,both,Dunn et al 2023,lab_experiments,ND5,na,60,Shark,Carcharhiniformes,Carcharhinidae,Carcharhinus,Carcharhinus albimarginatus,na
http://dx.doi.org/10.1016/j.ecolind.2023.110718,Dunn et al. 2023,rapid_tools,Real Time PCR (qPCR),eDNA,C.albimarginatus-R,R,GTGAGGATGGAGTGTGGGG,both,Dunn et al 2023,lab_experiments,ND5,na,60,Shark,Carcharhiniformes,Carcharhinidae,Carcharhinus,Carcharhinus albimarginatus,na
https://nsuworks.nova.edu/occ_stuetd/117/,Henning 2005,rapid_tools,Multiplex PCR,Tissue DNA,Bignose_641F,F,GTGGAGCGACTGTCTGCAGGTA,developed,Henning 2005 MSc Thesis,lab_experiments,ITS2,na,na,Shark,Carcharhiniformes,Carcharhinidae,Carcharhinus,Carcharhinus altimus,na
http://dx.doi.org/10.1111/j.1755-0998.2011.03023.x,Morgan et al. 2011,rapid_tools,RT-HRM-PCR,Tissue DNA,CA-F,F,TGTCCTACTAAAACTAGGAGGTTAT,developed,Morgan 2011 https://doi.org/10.1111/j.1755-0998.2011.03023.x,lab_experiments,ND4,20-80,61,Shark,Carcharhiniformes,Carcharhinidae,Carcharhinus,Carcharhinus amblyrhynchoides,na
http://dx.doi.org/10.1111/j.1755-0998.2011.03023.x,Morgan et al. 2011,rapid_tools,RT-HRM-PCR,Tissue DNA,CA-R,R,AACAAATAGAGCTAGTTATTACGATG,developed,Morgan 2011 https://doi.org/10.1111/j.1755-0998.2011.03023.x,lab_experiments,ND4,20-80,61,Shark,Carcharhiniformes,Carcharhinidae,Carcharhinus,Carcharhinus amblyrhynchoides,na
http://dx.doi.org/10.1016/j.ecolind.2023.110718,Dunn et al. 2023,rapid_tools,Real Time PCR (qPCR),eDNA,C.amblyrhynchos-F,F,CACCAACTCTCACTTCAAAATTAATCCTAT,both,Dunn et al 2023,lab_experiments,ND5,na,60,Shark,Carcharhiniformes,Carcharhinidae,Carcharhinus,Carcharhinus amblyrhynchos,na
http://dx.doi.org/10.1016/j.ecolind.2023.110718,Dunn et al. 2023,rapid_tools,Real Time PCR (qPCR),eDNA,C.amblyrhynchos-R,R,CAGATCGATTAGATGTGTTGAGACATG,both,Dunn et al 2023,lab_experiments,ND5,na,60,Shark,Carcharhiniformes,Carcharhinidae,Carcharhinus,Carcharhinus amblyrhynchos,na
http://dx.doi.org/10.1038/s41598-020-61150-8,But et al. 2020,rapid_tools,LAMP,Tissue DNA,CF07B,B3(R),GTAAGTGTTATGATAATGTAC,both,But 2020 https://doi.org/10.1038/s41598-020-61150-8,in_silico,ND2,na,70,Shark,Carcharhiniformes,Carcharhinidae,Carcharhinus,Carcharhinus falciformis,na
http://dx.doi.org/10.1038/s41598-020-61150-8,But et al. 2020,rapid_tools,LAMP,Tissue DNA,CF4A7B_BIPV5,BIP,TTCTAGCCTACTCATCAATCGCAGGATGAGGTTAAGTAGGGTC,both,But 2020 https://doi.org/10.1038/s41598-020-61150-8,in_silico,ND2,na,70,Shark,Carcharhiniformes,Carcharhinidae,Carcharhinus,Carcharhinus falciformis,na
http://dx.doi.org/10.1038/s41598-020-61150-8,But et al. 2020,rapid_tools,LAMP,Tissue DNA,CF01A,F,TCTTCTAATTCGAGCTGAG,both,But 2020 https://doi.org/10.1038/s41598-020-61150-8,in_silico,COI,na,64,Shark,Carcharhiniformes,Carcharhinidae,Carcharhinus,Carcharhinus falciformis,na
http://dx.doi.org/10.1038/s41598-020-61150-8,But et al. 2020,rapid_tools,LAMP,Tissue DNA,CF04A,F3(F),TCACCACAGGACTTATCTTG,both,But 2020 https://doi.org/10.1038/s41598-020-61150-8,in_silico,ND2,na,70,Shark,Carcharhiniformes,Carcharhinidae,Carcharhinus,Carcharhinus falciformis,na
http://dx.doi.org/10.1038/s41598-020-61150-8,But et al. 2020,rapid_tools,LAMP,Tissue DNA,CF4A7B_FIPV5,FIP,TCCTCATCCTCCAATGATTGTTGAGGCCCCATTTGCTATTTTGC,both,But 2020 https://doi.org/10.1038/s41598-020-61150-8,in_silico,ND2,na,70,Shark,Carcharhiniformes,Carcharhinidae,Carcharhinus,Carcharhinus falciformis,na
http://dx.doi.org/10.1038/s41598-020-61150-8,But et al. 2020,rapid_tools,LAMP,Tissue DNA,CF01B,R,ATTGAAGCTAGAATAGATGAC,both,But 2020 https://doi.org/10.1038/s41598-020-61150-8,in_silico,COI,na,64,Shark,Carcharhiniformes,Carcharhinidae,Carcharhinus,Carcharhinus falciformis,na
http://dx.doi.org/10.1007/s12686-009-9131-7,Mendonça et al. 2009b,rapid_tools,Multiplex PCR,Tissue DNA,CfaF,F,GATCTATTCTTGTAACCACG,both,Mendon‚àö√üa et al. 2009 http://dx.doi.org/10.1007/s12686-009-9131-7,lab_experiments,COI,na,50,Shark,Carcharhiniformes,Carcharhinidae,Carcharhinus,Carcharhinus falciformis,na
https://dx.doi.org/10.1046/j.1523-1739.2002.01188.x,Shivji et al. 2002,rapid_tools,Multiplex PCR,Tissue DNA,SilkyprimerF,F,ACCGTGTGGGCCAGGGTC,both,Shivji 2002 https://doi.org/10.1046/j.1523-1739.2002.01188.x,lab_experiments,ITS2,na,65,Shark,Carcharhiniformes,Carcharhinidae,Carcharhinus,Carcharhinus falciformis,na
https://dx.doi.org/10.1038/s41598-018-34663-6,Cardeñosa et al. 2018,rapid_tools,Multiplex qPCR,Tissue DNA,rtSilkyF,F,TCTCTCCCCCCCCCTCACTCTGCC,both,Cardeñosa 2018 https://doi.org/10.1038/s41598-018-34663-6,lab_experiments,ITS2,na,69,Shark,Carcharhiniformes,Carcharhinidae,Carcharhinus,Carcharhinus falciformis,na
http://dx.doi.org/10.1016/j.fishres.2013.03.020,Galván-Tirado et al. 2013,just primer (specific),na,na,Cfalc806-R,R,GGAGGTTTCTTTCCGAGAGG,both,Galv‚àö¬∞n-Tirado 2013 https://doi.org/10.1016/j.fishres.2013.03.020,lab_experiments,D-loop,na,58,Shark,Carcharhiniformes,Carcharhinidae,Carcharhinus,Carcharhinus falciformis,na
https://doi.org/10.1002/edn3.39,Schweiss et al. 2019,rapid_tools,Droplet Digital PCR (ddPCR),eDNA,BULLND2F6,F,TCCGGGTTTATACCCAAATG,applied,Schweiss 2019 https://doi.org/10.1002/edn3.39,,ND2,na,59,Shark,Carcharhiniformes,Carcharhinidae,Carcharhinus,Carcharhinus leucas,na
https://doi.org/10.1002/edn3.39,Schweiss et al. 2019,rapid_tools,Droplet Digital PCR (ddPCR),eDNA,BULLND2R5,R,GAAGGAGGATGGATAAGATTG,applied,Schweiss 2019 https://doi.org/10.1002/edn3.39,,ND2,na,59,Shark,Carcharhiniformes,Carcharhinidae,Carcharhinus,Carcharhinus leucas,na
https://doi.org/10.1002/edn3.202,van Rooyen et al. 2021,rapid_tools,Multiplex qPCR,eDNA,Bull shark Primer 1,F,GGGATAGAAAATATTAGGTCATAAAGGTCAAG,developed,van Rooyen 2021 https://doi.org/10.1002/edn3.202,lab_experiments,ND5,na,60,Shark,Carcharhiniformes,Carcharhinidae,Carcharhinus,Carcharhinus leucas,na
https://doi.org/10.1002/edn3.202,van Rooyen et al. 2021,rapid_tools,Multiplex qPCR,eDNA,Bull shark Primer 2,R,GGGAGGGTTAATGACAGTGTTTT,developed,van Rooyen 2021 https://doi.org/10.1002/edn3.202,lab_experiments,ND5,na,60,Shark,Carcharhiniformes,Carcharhinidae,Carcharhinus,Carcharhinus leucas,na
http://dx.doi.org/10.1038/s41598-020-68843-0,Postaire et al. 2020,rapid_tools,Real Time PCR (qPCR),eDNA,588_F-limbatus-NADH2,F,TGCCCCCAATCTCACCTTAC,both,Postaire 2020 https://doi.org/10.1038/s41598-020-68843-0,lab_experiments,ND2,na,63,Shark,Carcharhiniformes,Carcharhinidae,Carcharhinus,Carcharhinus limbatus,na
http://dx.doi.org/10.1038/s41598-020-68843-0,Postaire et al. 2020,rapid_tools,Real Time PCR (qPCR),eDNA,776_R-limbatus-NADH2,R,CCGGAAAGTGGGGGTAATCC,both,Postaire 2020 https://doi.org/10.1038/s41598-020-68843-0,lab_experiments,ND2,na,63,Shark,Carcharhiniformes,Carcharhinidae,Carcharhinus,Carcharhinus limbatus,na
http://dx.doi.org/10.1111/j.1755-0998.2011.03023.x,Morgan et al. 2011,rapid_tools,RT-HRM-PCR,Tissue DNA,CL-F,F,ACCAAAGAAATAGCCTACCCATTC,developed,Morgan 2011 https://doi.org/10.1111/j.1755-0998.2011.03023.x,lab_experiments,ND4,20-80,61,Shark,Carcharhiniformes,Carcharhinidae,Carcharhinus,Carcharhinus limbatus,na
http://dx.doi.org/10.1111/j.1755-0998.2011.03023.x,Morgan et al. 2011,rapid_tools,RT-HRM-PCR,Tissue DNA,CL-R,R,TTTGGATTCCTCGAGCTAGAAGG,developed,Morgan 2011 https://doi.org/10.1111/j.1755-0998.2011.03023.x,lab_experiments,ND4,20-80,61,Shark,Carcharhiniformes,Carcharhinidae,Carcharhinus,Carcharhinus limbatus,na
http://dx.doi.org/10.1038/s41598-020-61150-8,But et al. 2020,rapid_tools,LAMP,Tissue DNA,CL05B,B3(R),TGGGATGAGTGTAAAGATTGC,both,But 2020 https://doi.org/10.1038/s41598-020-61150-8,in_silico,ND2,na,68,Shark,Carcharhiniformes,Carcharhinidae,Carcharhinus,Carcharhinus longimanus,na
http://dx.doi.org/10.1038/s41598-020-61150-8,But et al. 2020,rapid_tools,LAMP,Tissue DNA,CL2A5B_BIPV5,BIP,TGCTACAACACTAACTATAAGCCCCAGGAGGATAGATAAGGTTGC,both,But 2020 https://doi.org/10.1038/s41598-020-61150-8,in_silico,ND2,na,70,Shark,Carcharhiniformes,Carcharhinidae,Carcharhinus,Carcharhinus longimanus,na
http://dx.doi.org/10.1038/s41598-020-61150-8,But et al. 2020,rapid_tools,LAMP,Tissue DNA,CL02A,F3(F),CTCCTCTCCCTAGGAGGATTG,both,But 2020 https://doi.org/10.1038/s41598-020-61150-8,in_silico,ND2,na,68,Shark,Carcharhiniformes,Carcharhinidae,Carcharhinus,Carcharhinus longimanus,na
http://dx.doi.org/10.1038/s41598-020-61150-8,But et al. 2020,rapid_tools,LAMP,Tissue DNA,CL2A5B_FIPV1,FIP,GAGGGCTATAATAGTAGCTGGAGTACCTCCACTCTCCGGATTC,both,But 2020 https://doi.org/10.1038/s41598-020-61150-8,in_silico,ND2,na,70,Shark,Carcharhiniformes,Carcharhinidae,Carcharhinus,Carcharhinus longimanus,na
https://dx.doi.org/10.1007/s101260000071,Pank et al. 2001,rapid_tools,Multiplex PCR,Tissue DNA,DuskyF,F,GTGCCTTCCCACCTTTTGGCG,developed,Pank 2001 http://dx.doi.org/10.1007/s101260000071,lab_experiments,ITS2,na,65,Shark,Carcharhiniformes,Carcharhinidae,Carcharhinus,Carcharhinus obscurus,na
https://nsuworks.nova.edu/occ_stuetd/117/,Henning 2005,rapid_tools,Multiplex PCR,Tissue DNA,Caribbean_reef_916F,F,TCTGAACTGTTGCAGCCGACTGTGGG,developed,Henning 2005 MSc Thesis,lab_experiments,ITS2,na,na,Shark,Carcharhiniformes,Carcharhinidae,Carcharhinus,Carcharhinus perezi,na
https://nsuworks.nova.edu/occ_stuetd/117/,Henning 2005,rapid_tools,Multiplex PCR,Tissue DNA,Sandbar_941F,F,TGCCTGCACCTGCGTTCAACC,developed,Henning 2005 MSc Thesis,lab_experiments,ITS2,na,na,Shark,Carcharhiniformes,Carcharhinidae,Carcharhinus,Carcharhinus plumbeus,na
https://dx.doi.org/10.1007/s101260000071,Pank et al. 2001,rapid_tools,Multiplex PCR,Tissue DNA,SandbarF,F,AAGTGGAGCGACTGTCTGCAGGTC,developed,Pank 2001 http://dx.doi.org/10.1007/s101260000071,na,ITS2,na,65,Shark,Carcharhiniformes,Carcharhinidae,Carcharhinus,Carcharhinus plumbeus,na
http://dx.doi.org/10.1111/j.1365-294X.2010.04626.x,Portnoy et al. 2010,just primer (universal),na,na,CP3F,F,CCTTTAATGGCATATTTATCC,both,Portnoy 2010 http://dx.doi.org/10.1111/j.1365-294X.2010.04626.x,lab_experiments,D-loop,na,"61,5",Shark,Carcharhiniformes,Carcharhinidae,Carcharhinus,Carcharhinus plumbeus,na
http://dx.doi.org/10.1111/j.1365-294X.2010.04626.x,Portnoy et al. 2010,just primer (universal),na,na,CP5R,R,ACCTTAATGAACCAGATGAGCC,both,Portnoy 2010 http://dx.doi.org/10.1111/j.1365-294X.2010.04626.x,lab_experiments,D-loop,na,"64,5",Shark,Carcharhiniformes,Carcharhinidae,Carcharhinus,Carcharhinus plumbeus,na
https://nsuworks.nova.edu/occ_stuetd/117/,Henning 2005,rapid_tools,Multiplex PCR,Tissue DNA,Night_1164F,F,CTCAGTCCTAGGCGCGTCTGCT,developed,Henning 2005 MSc Thesis,lab_experiments,ITS2,na,na,Shark,Carcharhiniformes,Carcharhinidae,Carcharhinus,Carcharhinus signatus,na
http://dx.doi.org/10.1111/j.1755-0998.2011.03023.x,Morgan et al. 2011,rapid_tools,RT-HRM-PCR,Tissue DNA,CT-F,F,CCCAYGGTTTAATYTCATCAGCCT,developed,Morgan 2011 https://doi.org/10.1111/j.1755-0998.2011.03023.x,lab_experiments,ND4,20-80,61,Shark,Carcharhiniformes,Carcharhinidae,Carcharhinus,Carcharhinus tilstoni,na
http://dx.doi.org/10.1111/j.1755-0998.2011.03023.x,Morgan et al. 2011,rapid_tools,RT-HRM-PCR,Tissue DNA,CT-R,R,GGAGAATGATTTGGATTCCTCGG,developed,Morgan 2011 https://doi.org/10.1111/j.1755-0998.2011.03023.x,lab_experiments,ND4,20-80,61,Shark,Carcharhiniformes,Carcharhinidae,Carcharhinus,Carcharhinus tilstoni,na
http://dx.doi.org/10.1002/aqc.3294,Fioravanti et al. 2020,just primer (specific),na,na,CtCR1-F,F,CTTCAATCCTTGATCGCGTCA,both,Fioravanti 2020 https://doi.org/10.1002/aqc.3294,lab_experiments,D-loop,na,54,Shark,Lamniformes,Odontaspididae,Carcharias,Carcharias taurus,na
http://dx.doi.org/10.1002/aqc.3294,Fioravanti et al. 2020,just primer (specific),na,na,CtCR2-F,F,TGGCATTTTCGTCCTTGATCG,both,Fioravanti 2020 https://doi.org/10.1002/aqc.3294,lab_experiments,D-loop,na,54,Shark,Lamniformes,Odontaspididae,Carcharias,Carcharias taurus,na
http://dx.doi.org/10.1002/aqc.3294,Fioravanti et al. 2020,just primer (specific),na,na,CtCR3-F,F,GGCTGAACTGGGACACTGAG,both,Fioravanti 2020 https://doi.org/10.1002/aqc.3294,lab_experiments,D-loop,na,54,Shark,Lamniformes,Odontaspididae,Carcharias,Carcharias taurus,na
http://dx.doi.org/10.1002/aqc.3294,Fioravanti et al. 2020,just primer (specific),na,na,CtCR4-F,F,TGTCAAGTTGACCAAAACTGAAA,both,Fioravanti 2020 https://doi.org/10.1002/aqc.3294,lab_experiments,D-loop,na,54,Shark,Lamniformes,Odontaspididae,Carcharias,Carcharias taurus,na
http://dx.doi.org/10.1002/aqc.3294,Fioravanti et al. 2020,just primer (specific),na,na,CtCR5-F,F,CCATAGTCGGCAAGTTTCGA,both,Fioravanti 2020 https://doi.org/10.1002/aqc.3294,lab_experiments,D-loop,na,54,Shark,Lamniformes,Odontaspididae,Carcharias,Carcharias taurus,na
http://dx.doi.org/10.1002/aqc.3294,Fioravanti et al. 2020,just primer (specific),na,na,CtCR6-F,F,CTCTCTTAACCCCCATCCGG,both,Fioravanti 2020 https://doi.org/10.1002/aqc.3294,lab_experiments,D-loop,na,54,Shark,Lamniformes,Odontaspididae,Carcharias,Carcharias taurus,na
http://dx.doi.org/10.1002/aqc.3294,Fioravanti et al. 2020,just primer (specific),na,na,CtCR7-F,F,ACACATTCTTCACTTTATCTGGCA,both,Fioravanti 2020 https://doi.org/10.1002/aqc.3294,lab_experiments,D-loop,na,54,Shark,Lamniformes,Odontaspididae,Carcharias,Carcharias taurus,na
http://dx.doi.org/10.1002/aqc.3294,Fioravanti et al. 2020,just primer (specific),na,na,CtCR8-F,F,ACGGACTCCTCGAAAAACCC,both,Fioravanti 2020 https://doi.org/10.1002/aqc.3294,lab_experiments,D-loop,na,54,Shark,Lamniformes,Odontaspididae,Carcharias,Carcharias taurus,na
http://dx.doi.org/10.1002/aqc.3294,Fioravanti et al. 2020,just primer (specific),na,na,CtCR1-R,R,CTTCCGGGGAATAGCGATGG,both,Fioravanti 2020 https://doi.org/10.1002/aqc.3294,lab_experiments,D-loop,na,54,Shark,Lamniformes,Odontaspididae,Carcharias,Carcharias taurus,na
http://dx.doi.org/10.1002/aqc.3294,Fioravanti et al. 2020,just primer (specific),na,na,CtCR2-R,R,TGAGTATGTTAGATAGATGTCGAGGA,both,Fioravanti 2020 https://doi.org/10.1002/aqc.3294,lab_experiments,D-loop,na,54,Shark,Lamniformes,Odontaspididae,Carcharias,Carcharias taurus,na
http://dx.doi.org/10.1002/aqc.3294,Fioravanti et al. 2020,just primer (specific),na,na,CtCR3-R,R,TCGAAACTTGCCGACTATGG,both,Fioravanti 2020 https://doi.org/10.1002/aqc.3294,lab_experiments,D-loop,na,54,Shark,Lamniformes,Odontaspididae,Carcharias,Carcharias taurus,na
http://dx.doi.org/10.1002/aqc.3294,Fioravanti et al. 2020,just primer (specific),na,na,CtCR4-R,R,CCGGATGGGGGTTAAGAGAG,both,Fioravanti 2020 https://doi.org/10.1002/aqc.3294,lab_experiments,D-loop,na,54,Shark,Lamniformes,Odontaspididae,Carcharias,Carcharias taurus,na
http://dx.doi.org/10.1002/aqc.3294,Fioravanti et al. 2020,just primer (specific),na,na,CtCR5-R,R,TGCCAGATAAAGTGAAGAATGTGT,both,Fioravanti 2020 https://doi.org/10.1002/aqc.3294,lab_experiments,D-loop,na,54,Shark,Lamniformes,Odontaspididae,Carcharias,Carcharias taurus,na
http://dx.doi.org/10.1002/aqc.3294,Fioravanti et al. 2020,just primer (specific),na,na,CtCR6-R,R,GGGTTTTTCGAGGAGTCCGT,both,Fioravanti 2020 https://doi.org/10.1002/aqc.3294,lab_experiments,D-loop,na,54,Shark,Lamniformes,Odontaspididae,Carcharias,Carcharias taurus,na
http://dx.doi.org/10.1002/aqc.3294,Fioravanti et al. 2020,just primer (specific),na,na,CtCR7-R,R,ATGTCCGGCCCTCGTTTTAG,both,Fioravanti 2020 https://doi.org/10.1002/aqc.3294,lab_experiments,D-loop,na,54,Shark,Lamniformes,Odontaspididae,Carcharias,Carcharias taurus,na
http://dx.doi.org/10.1002/aqc.3294,Fioravanti et al. 2020,just primer (specific),na,na,CtCR8-R,R,TCATCTTAGCATCTTCAGTGCCA,both,Fioravanti 2020 https://doi.org/10.1002/aqc.3294,lab_experiments,D-loop,na,54,Shark,Lamniformes,Odontaspididae,Carcharias,Carcharias taurus,na
https://dx.doi.org/10.3389/fmars.2018.00355,Lafferty et al. 2018,rapid_tools,Droplet Digital PCR (ddPCR); Taxon-Specific PCR,eDNA,Whiteshark-F,F,CGTCACCCCTCCACACATTA,developed,Lafferty 2018 https://doi.org/10.3389/fmars.2018.00355,lab_experiments,CytB,na,na,Shark,Lamniformes,Lamnidae,Carcharodon,Carcharodon carcharias,na
https://dx.doi.org/10.3389/fmars.2018.00355,Lafferty et al. 2018,rapid_tools,Droplet Digital PCR (ddPCR); Taxon-Specific PCR,eDNA,Whiteshark-R,R,GGTGCTGCTACGTTGTTTGG,developed,Lafferty 2018 https://doi.org/10.3389/fmars.2018.00355,lab_experiments,CytB,na,na,Shark,Lamniformes,Lamnidae,Carcharodon,Carcharodon carcharias,na
http://dx.doi.org/10.1038/s41598-020-61150-8,But et al. 2020,rapid_tools,LAMP,Tissue DNA,CC04B,B3(R),CCAGGTCAACGGATGCTCCT,both,But 2020 https://doi.org/10.1038/s41598-020-61150-8,in_silico,COI,na,66,Shark,Lamniformes,Lamnidae,Carcharodon,Carcharodon carcharias,na
http://dx.doi.org/10.1038/s41598-020-61150-8,But et al. 2020,rapid_tools,LAMP,Tissue DNA,CC5A4B_BIPV4,BIP,CTAGCTTCAGCCGGAGTTGAGTGCTAAATTACCGGCCAG,both,But 2020 https://doi.org/10.1038/s41598-020-61150-8,in_silico,COI,na,70,Shark,Lamniformes,Lamnidae,Carcharodon,Carcharodon carcharias,na
http://dx.doi.org/10.1038/s41598-020-61150-8,But et al. 2020,rapid_tools,LAMP,Tissue DNA,CC05A,F3(F),TCTTCATGGTAATGCCCATC,both,But 2020 https://doi.org/10.1038/s41598-020-61150-8,in_silico,COI,na,66,Shark,Lamniformes,Lamnidae,Carcharodon,Carcharodon carcharias,na
http://dx.doi.org/10.1038/s41598-020-61150-8,But et al. 2020,rapid_tools,LAMP,Tissue DNA,CC5A4B_F1B4_LBV1,FIP,GGAGCCGGCACTGGTTGAA,both,But 2020 https://doi.org/10.1038/s41598-020-61150-8,in_silico,COI,na,70,Shark,Lamniformes,Lamnidae,Carcharodon,Carcharodon carcharias,na
http://dx.doi.org/10.1038/s41598-020-61150-8,But et al. 2020,rapid_tools,LAMP,Tissue DNA,CC5A4B_FIPV1,LB,TATGTTATTTATTCGGGGGAAGGCGGGAATTGACTAATCCCGTTAA,both,But 2020 https://doi.org/10.1038/s41598-020-61150-8,in_silico,COI,na,70,Shark,Lamniformes,Lamnidae,Carcharodon,Carcharodon carcharias,na
http://dx.doi.org/10.1038/s41598-020-61150-8,But et al. 2020,rapid_tools,LAMP,Tissue DNA,CC5A4B_F1B4_LFV1,LF,TGTCCGGGGCACCAATTA,both,But 2020 https://doi.org/10.1038/s41598-020-61150-8,in_silico,COI,na,70,Shark,Lamniformes,Lamnidae,Carcharodon,Carcharodon carcharias,na
https://dx.doi.org/10.1023/A:1024771215616,Chapman et al. 2003,rapid_tools,Multiplex PCR,Tissue DNA,LAM499F,F,GCTTCTCAGTAGACAACGCCACCCT,applied,Chapman 2003,lab_experiments,CytB,na,65,Shark,Lamniformes,Lamnidae,Carcharodon,Carcharodon carcharias,na
https://dx.doi.org/10.1023/A:1024771215616,Chapman et al. 2003,rapid_tools,Multiplex PCR,Tissue DNA,GWScb-R,R,AGTCAGAACTAGTATGTTGGCTACAAGAAT,applied,Chapman 2003,lab_experiments,CytB,na,65,Shark,Lamniformes,Lamnidae,Carcharodon,Carcharodon carcharias,na
https://dx.doi.org/10.1023/A:1024771215616,Chapman et al. 2003,rapid_tools,Multiplex PCR; Multiplex qPCR,Tissue DNA,GWSITS2F,F,GCTGGAGTTCATTCTCCGTGCTG,applied,Chapman 2003,lab_experiments,ITS2,na,65,Shark,Lamniformes,Lamnidae,Carcharodon,Carcharodon carcharias,na
https://doi.org/10.1002/edn3.202,van Rooyen et al. 2021,rapid_tools,Multiplex qPCR,eDNA,White shark Primer 1,F,CCACTCACAGAGACTTAAGTATATATTATGT,developed,van Rooyen 2021 https://doi.org/10.1002/edn3.202,lab_experiments,D-loop,na,60,Shark,Lamniformes,Lamnidae,Carcharodon,Carcharodon carcharias,na
https://doi.org/10.1002/edn3.202,van Rooyen et al. 2021,rapid_tools,Multiplex qPCR,eDNA,White shark Primer 2,R,GTCAGGTTTGATCAGTTGATGAGG,developed,van Rooyen 2021 https://doi.org/10.1002/edn3.202,lab_experiments,D-loop,na,60,Shark,Lamniformes,Lamnidae,Carcharodon,Carcharodon carcharias,na
http://dx.doi.org/10.1038/s41598-020-61150-8,But et al. 2020,rapid_tools,LAMP,Tissue DNA,CM02B,B3(R),AAGAATGTTGTGTTTAGGTTC,both,But 2020 https://doi.org/10.1038/s41598-020-61150-8,in_silico,COI,na,68,Shark,Lamniformes,Cetorhinidae,Cetorhinus,Cetorhinus maximus,na
http://dx.doi.org/10.1038/s41598-020-61150-8,But et al. 2020,rapid_tools,LAMP,Tissue DNA,CM1A2B_BIPV8,BIP,ATAAGCTTTTGACTCCTCCCTCCGGGCTAAAAGAAGAAGGATG,both,But 2020 https://doi.org/10.1038/s41598-020-61150-8,in_silico,COI,na,68,Shark,Lamniformes,Cetorhinidae,Cetorhinus,Cetorhinus maximus,na
http://dx.doi.org/10.1038/s41598-020-61150-8,But et al. 2020,rapid_tools,LAMP,Tissue DNA,CM01A,F3(F),ACCCGGATCACTTCTTGGT,both,But 2020 https://doi.org/10.1038/s41598-020-61150-8,in_silico,COI,na,68,Shark,Lamniformes,Cetorhinidae,Cetorhinus,Cetorhinus maximus,na
http://dx.doi.org/10.1038/s41598-020-61150-8,But et al. 2020,rapid_tools,LAMP,Tissue DNA,CM1A2B_FIPV2,FIP,GTGGGAAGGCTATGTCTGGCGGGGTTTTGGGAACTGAT,both,But 2020 https://doi.org/10.1038/s41598-020-61150-8,in_silico,COI,na,68,Shark,Lamniformes,Cetorhinidae,Cetorhinus,Cetorhinus maximus,na
http://dx.doi.org/10.1111/j.1469-1795.2006.00088.x,Magnussen et al. 2007,rapid_tools,Multiplex PCR,Tissue DNA,BSK328F,F,TCTCGGCCTCCGGGCGAACGAATGAGA,developed,Magnussen 2007 https://doi.org/10.1111/j.1469-1795.2006.00088.x,lab_experiments,ITS2,na,65,Shark,Lamniformes,Cetorhinidae,Cetorhinus,Cetorhinus maximus,na
http://dx.doi.org/10.1111/j.1469-1795.2006.00088.x,Magnussen et al. 2007,rapid_tools,Multiplex PCR,Tissue DNA,BSK503F,F,AAGATGCGGCACGCTGTTGGGCACGC,developed,Magnussen 2007 https://doi.org/10.1111/j.1469-1795.2006.00088.x,lab_experiments,ITS2,na,65,Shark,Lamniformes,Cetorhinidae,Cetorhinus,Cetorhinus maximus,na
http://dx.doi.org/10.1023/A:1011590517389,Hoelzel 2001,rapid_tools,Taxon-Specific PCR,Tissue DNA,Basking_Shark-F,F,CGTAGGCTATCTTTTGCC,both,,lab_experiments,CytB,na,55,Shark,Lamniformes,Cetorhinidae,Cetorhinus,Cetorhinus maximus,na
http://dx.doi.org/10.1023/A:1011590517389,Hoelzel 2001,rapid_tools,Taxon-Specific PCR,Tissue DNA,Basking_Shark-R,R,TAGGGTGGCGTTGTCGAT,both,,lab_experiments,CytB,na,55,Shark,Lamniformes,Cetorhinidae,Cetorhinus,Cetorhinus maximus,na
https://doi.org/10.3354/esr01187,Lim & Then 2022,rapid_tools,Taxon-Specific PCR,eDNA,FkitF1,F,ACTCATTCGAACCGAACTAAGTCA,both,Lim 2022 http://dx.doi.org/10.3354/esr01187,lab_experiments,COI,na,54,Ray,Myliobatiformes,Dasyatidae,Fluvitrygon,Fluvitrygon kittipongi,na
https://doi.org/10.3354/esr01187,Lim & Then 2022,rapid_tools,Taxon-Specific PCR,eDNA,FkitR1,R,AGCAGAAGCTAGGAGTAGTAGGAA,both,Lim 2022 http://dx.doi.org/10.3354/esr01187,lab_experiments,COI,na,54,Ray,Myliobatiformes,Dasyatidae,Fluvitrygon,Fluvitrygon kittipongi,na
https://nsuworks.nova.edu/occ_stuetd/117/,Henning 2005,rapid_tools,Multiplex PCR,Tissue DNA,Tiger_731F,F,TTGCCTGGACCTGTGCTCGGTCGC,developed,Henning 2005 MSc Thesis,lab_experiments,ITS2,na,na,Shark,Carcharhiniformes,Carcharhinidae,Galeocerdo,Galeocerdo cuvier,na
http://dx.doi.org/10.1007/s12686-009-9131-7,Mendonça et al. 2009b,rapid_tools,Multiplex PCR,Tissue DNA,GcuF,F,ACTACATTCTTTGATCCAGCG,both,Mendon‚àö√üa et al. 2009 http://dx.doi.org/10.1007/s12686-009-9131-7,lab_experiments,COI,na,50,Shark,Carcharhiniformes,Carcharhinidae,Galeocerdo,Galeocerdo cuvier,na
https://doi.org/10.1002/edn3.202,van Rooyen et al. 2021,rapid_tools,Multiplex qPCR,eDNA,Tiger shark Primer 1,F,CATAGGTCCATTTGATATCAACATAAG,developed,van Rooyen 2021 https://doi.org/10.1002/edn3.202,lab_experiments,D-loop,na,60,Shark,Carcharhiniformes,Carcharhinidae,Galeocerdo,Galeocerdo cuvier,na
https://doi.org/10.1002/edn3.202,van Rooyen et al. 2021,rapid_tools,Multiplex qPCR,eDNA,Tiger shark Primer 2,R,CCTTCTCAACCGATGAATAGTT,developed,van Rooyen 2021 https://doi.org/10.1002/edn3.202,lab_experiments,D-loop,na,60,Shark,Carcharhiniformes,Carcharhinidae,Galeocerdo,Galeocerdo cuvier,na
http://dx.doi.org/10.1093/icesjms/fsn218,Farrell et al. 2009,rapid_tools,Multiplex PCR,Tissue DNA,GGND2R,R,TCCTAAGGAAAGGAGAGTCAGTAA,both,Farrell 2009 http://dx.doi.org/10.1093/icesjms/fsn218,lab_experiments,ND2,na,56,Shark,Carcharhiniformes,Triakidae,Galeorhinus,Galeorhinus galeus,na
http://dx.doi.org/10.3354/esr00798,Nachtigall et al. 2017,rapid_tools,Multiplex PCR,Tissue DNA,Isogoxy610R,R,CGGCCCCCTCCTGGCTG,developed,Nachtigall 2017 https://doi.org/10.3354/esr00798,lab_experiments,ITS2,na,65,Shark,Carcharhiniformes,Carcharhinidae,Isogomphodon,Isogomphodon oxyrhynchus,na
https://doi.org/10.1071/PC24068,Jiménez-Pérez et al. 2025,rapid_tools,LAMP,Tissue DNA,F3(F),F3(F),CTCCTACCCCCTTCTTTCCT,both,Jiménez-Pérez et al. 2025,lab_experiments,COI,na,70,Shark,Lamniformes,Lamnidae,Isurus,Isurus oxyrinchus,na
https://doi.org/10.1071/PC24068,Jiménez-Pérez et al. 2025,rapid_tools,LAMP,Tissue DNA,B3(R),B3(R),TGCTGGGGGTTTTATGTTGA,both,Jiménez-Pérez et al. 2025,lab_experiments,COI,na,70,Shark,Lamniformes,Lamnidae,Isurus,Isurus oxyrinchus,na
https://doi.org/10.1071/PC24068,Jiménez-Pérez et al. 2025,rapid_tools,LAMP,Tissue DNA,FIP,FIP,CAGCTAGGGGAGGGTAGACTGT-TACTCTTGGCCTCAGCCG,both,Jiménez-Pérez et al. 2025,lab_experiments,COI,na,70,Shark,Lamniformes,Lamnidae,Isurus,Isurus oxyrinchus,na
https://doi.org/10.1071/PC24068,Jiménez-Pérez et al. 2025,rapid_tools,LAMP,Tissue DNA,BIP,BIP,CTTAGCACACGCCGGAGCATC-ATGGAAGCTAGGATGGACGA,both,Jiménez-Pérez et al. 2025,lab_experiments,COI,na,70,Shark,Lamniformes,Lamnidae,Isurus,Isurus oxyrinchus,na
https://doi.org/10.1071/PC24068,Jiménez-Pérez et al. 2025,rapid_tools,LAMP,Tissue DNA,LF,LF,GCCGGCTCCTGACTCAACTC,both,Jiménez-Pérez et al. 2025,lab_experiments,COI,na,70,Shark,Lamniformes,Lamnidae,Isurus,Isurus oxyrinchus,na
https://doi.org/10.1071/PC24068,Jiménez-Pérez et al. 2025,rapid_tools,LAMP,Tissue DNA,LB,LB,CCATTTTCTCCCTCCACCTGGC,both,Jiménez-Pérez et al. 2025,lab_experiments,COI,na,70,Shark,Lamniformes,Lamnidae,Isurus,Isurus oxyrinchus,na
https://doi.org/10.1371/journal.pone.0300383,Tiktak et al. 2024,rapid_tools,LAMP,Tissue DNA,Short_fin_mako_shark_B3,B3(R),GGGATTAATCGAGTACAGCG,both,Tiktak 2024 https://doi.org/10.1371/journal.pone.0300383,lab_experiments,D-loop,,,Shark,Lamniformes,Lamnidae,Isurus,Isurus oxyrinchus,na
https://doi.org/10.1371/journal.pone.0300383,Tiktak et al. 2024,rapid_tools,LAMP,Tissue DNA,Short_fin_mako_shark_BIP,BIP,ATCTCTGTATATCTTATGCGGGCTCACAAATAGAGCAATTTTTTCCT,both,Tiktak 2024 https://doi.org/10.1371/journal.pone.0300383,lab_experiments,D-loop,,,Shark,Lamniformes,Lamnidae,Isurus,Isurus oxyrinchus,na
https://doi.org/10.1371/journal.pone.0300383,Tiktak et al. 2024,rapid_tools,LAMP,Tissue DNA,Short_fin_mako_shark_F3,F3(F),CCCCATTACTGTACTAATCACT,both,Tiktak 2024 https://doi.org/10.1371/journal.pone.0300383,lab_experiments,D-loop,,,Shark,Lamniformes,Lamnidae,Isurus,Isurus oxyrinchus,na
https://doi.org/10.1371/journal.pone.0300383,Tiktak et al. 2024,rapid_tools,LAMP,Tissue DNA,Short_fin_mako_shark_FIP,FIP,GAGGGTGGAAGGAGTAATATGATGATTTCATTACACTCTATTCTTAGTCC,both,Tiktak 2024 https://doi.org/10.1371/journal.pone.0300383,lab_experiments,D-loop,,,Shark,Lamniformes,Lamnidae,Isurus,Isurus oxyrinchus,na
https://doi.org/10.1371/journal.pone.0300383,Tiktak et al. 2024,rapid_tools,LAMP,Tissue DNA,Short_fin_mako_shark_LR,LR,GGTAAGAACATCACATCCCGC,both,Tiktak 2024 https://doi.org/10.1371/journal.pone.0300383,lab_experiments,D-loop,,,Shark,Lamniformes,Lamnidae,Isurus,Isurus oxyrinchus,na
http://dx.doi.org/10.1111/j.1755-0998.2011.03089.x,Caballero et al. 2012,rapid_tools,Multiplex PCR,Tissue DNA,MakoR_SF,R,GCTATGTCTGGTGCTCCGATC,developed,Caballero 2011 https://doi.org/10.1111/j.1755-0998.2011.03089.x,lab_experiments,COI,na,63,Shark,Lamniformes,Lamnidae,Isurus,Isurus oxyrinchus,na
http://dx.doi.org/10.1007/s12686-009-9131-7,Mendonça et al. 2009b,rapid_tools,Multiplex PCR,Tissue DNA,IoxF,F,CTTCCACTTGGCTGGGTATCTCG,both,Mendon‚àö√üa et al. 2009 http://dx.doi.org/10.1007/s12686-009-9131-7,lab_experiments,COI,na,50,Shark,Lamniformes,Lamnidae,Isurus,Isurus oxyrinchus,na
https://dx.doi.org/10.1046/j.1523-1739.2002.01188.x,Shivji et al. 2002,rapid_tools,Multiplex PCR,Tissue DNA,SFMakoF,F,AGGTGCCTGTAGTGCTGGTAGACACA,both,Shivji 2002 https://doi.org/10.1046/j.1523-1739.2002.01188.x,lab_experiments,ITS2,na,65,Shark,Lamniformes,Lamnidae,Isurus,Isurus oxyrinchus,na
http://dx.doi.org/10.1111/j.1755-0998.2011.03089.x,Caballero et al. 2012,rapid_tools,Multiplex PCR,Tissue DNA,MakoR_LF,R,CCATATCGGGTGCACCGATC,developed,Caballero 2011 https://doi.org/10.1111/j.1755-0998.2011.03089.x,lab_experiments,COI,na,63,Shark,Lamniformes,Lamnidae,Isurus,Isurus paucus,na
https://dx.doi.org/10.1046/j.1523-1739.2002.01188.x,Shivji et al. 2002,rapid_tools,Multiplex PCR,Tissue DNA,LFMakoF,F,CCTCAACGACACCCAACGCGTTC,both,Shivji 2002 https://doi.org/10.1046/j.1523-1739.2002.01188.x,lab_experiments,ITS2,na,65,Shark,Lamniformes,Lamnidae,Isurus,Isurus paucus,na
http://dx.doi.org/10.1038/s41598-020-61150-8,But et al. 2020,rapid_tools,LAMP,Tissue DNA,LN07B,B3(R),ATGGCTGGGATAACTAAGTTC,both,But 2020 https://doi.org/10.1038/s41598-020-61150-8,in_silico,ND2,na,65,Shark,Lamniformes,Lamnidae,Lamna,Lamna nasus,na
http://dx.doi.org/10.1038/s41598-020-61150-8,But et al. 2020,rapid_tools,LAMP,Tissue DNA,LN2A7B_BIPV9,BIP,ACTTTCCATTATTGCCCTCATAACCAATAAGTCATTTTGGTATGAAGC,both,But 2020 https://doi.org/10.1038/s41598-020-61150-8,in_silico,ND2,na,65,Shark,Lamniformes,Lamnidae,Lamna,Lamna nasus,na
http://dx.doi.org/10.1038/s41598-020-61150-8,But et al. 2020,rapid_tools,LAMP,Tissue DNA,LN06A,F,TGGCTCCCTCCTAGGCGAC,both,But 2020 https://doi.org/10.1038/s41598-020-61150-8,in_silico,COI,na,66,Shark,Lamniformes,Lamnidae,Lamna,Lamna nasus,na
http://dx.doi.org/10.1038/s41598-020-61150-8,But et al. 2020,rapid_tools,LAMP,Tissue DNA,LN02A,F3(F),CCTGACAAAAACTTGCCCCT,both,But 2020 https://doi.org/10.1038/s41598-020-61150-8,in_silico,ND2,na,65,Shark,Lamniformes,Lamnidae,Lamna,Lamna nasus,na
http://dx.doi.org/10.1038/s41598-020-61150-8,But et al. 2020,rapid_tools,LAMP,Tissue DNA,LN2A7B_FIPV10,FIP,CTACTATGGTCGAGAGCACATTTACCCCTCATTAAATCCCAA,both,But 2020 https://doi.org/10.1038/s41598-020-61150-8,in_silico,ND2,na,65,Shark,Lamniformes,Lamnidae,Lamna,Lamna nasus,na
http://dx.doi.org/10.1038/s41598-020-61150-8,But et al. 2020,rapid_tools,LAMP,Tissue DNA,LN2A7B_F10B9_LFV1,LF,CCAAGAAAGATAAGAAGG,both,But 2020 https://doi.org/10.1038/s41598-020-61150-8,in_silico,ND2,na,65,Shark,Lamniformes,Lamnidae,Lamna,Lamna nasus,na
http://dx.doi.org/10.1038/s41598-020-61150-8,But et al. 2020,rapid_tools,LAMP,Tissue DNA,LN06B,R,GATCACACAAATAGGGGTGTC,both,But 2020 https://doi.org/10.1038/s41598-020-61150-8,in_silico,COI,na,66,Shark,Lamniformes,Lamnidae,Lamna,Lamna nasus,na
https://dx.doi.org/10.1046/j.1523-1739.2002.01188.x,Shivji et al. 2002,rapid_tools,Multiplex PCR; Multiplex qPCR,Tissue DNA,PorbeagleF,F,GTCGTCGGCGCCAGCCTTCTAAC,applied,Shivji 2002 https://doi.org/10.1046/j.1523-1739.2002.01188.x,lab_experiments,ITS2,na,69,Shark,Lamniformes,Lamnidae,Lamna,Lamna nasus,na
http://dx.doi.org/10.1007/s00227-017-3141-x,Gargan et al. 2017,rapid_tools,Real Time PCR (qPCR),eDNA,Mtar-F,F,AACCACCTGCAATCTCTCAATATC,both,Gargan 2017 http://dx.doi.org/10.1007/s00227-017-3141-x,lab_experiments,COI,na,60,Ray,Myliobatiformes,Mobulidae,Mobula,Mobula tarapacana,na
http://dx.doi.org/10.1007/s00227-017-3141-x,Gargan et al. 2017,rapid_tools,Real Time PCR (qPCR),eDNA,Mtar-R,R,GGGAAGAGATAATAATAGGACAGT,both,Gargan 2017 http://dx.doi.org/10.1007/s00227-017-3141-x,lab_experiments,COI,na,60,Ray,Myliobatiformes,Mobulidae,Mobula,Mobula tarapacana,na
http://dx.doi.org/10.1093/icesjms/fsn218,Farrell et al. 2009,rapid_tools,Multiplex PCR,Tissue DNA,MAND2R,R,GGAAGGTTGTAAGTGTTATGATGA,both,Farrell 2009 http://dx.doi.org/10.1093/icesjms/fsn218,lab_experiments,ND2,na,56,Shark,Carcharhiniformes,Triakidae,Mustelus,Mustelus asterias,na
http://dx.doi.org/10.1093/icesjms/fsn218,Farrell et al. 2009,rapid_tools,Multiplex PCR,Tissue DNA,MUND2F1,F,TGTGAATAGGCCTCGAAATCA,both,Farrell 2009 http://dx.doi.org/10.1093/icesjms/fsn218,lab_experiments,ND2,na,56,Shark,Carcharhiniformes,Triakidae,Mustelus,Mustelus asterias; Mustelus mustelus; Galeorhinus galeus,na
http://dx.doi.org/10.1093/icesjms/fsn218,Farrell et al. 2009,rapid_tools,Multiplex PCR,Tissue DNA,MMND2R,R,AATGCCAAGGAATAGTAGGAGGT,both,Farrell 2009 http://dx.doi.org/10.1093/icesjms/fsn218,lab_experiments,ND2,na,56,Shark,Carcharhiniformes,Triakidae,Mustelus,Mustelus mustelus,na
https://doi.org/10.1093/jhered/esu064,Marino et al. 2014,rapid_tools,Multiplex PCR,Tissue DNA,MmusCOIaF,F,TAAGCTTTTGACTCCTCCGG,both,Marino 2014 https://doi.org/10.1093/jhered/esu064,lab_experiments,COI,na,60,Shark,Carcharhiniformes,Triakidae,Mustelus,Mustelus mustelus,na
https://doi.org/10.1093/jhered/esu064,Marino et al. 2014,rapid_tools,Multiplex PCR,Tissue DNA,MmusCOIbF,F,TGCAGGTACCGGCTGAAGA,both,Marino 2014 https://doi.org/10.1093/jhered/esu064,lab_experiments,COI,na,60,Shark,Carcharhiniformes,Triakidae,Mustelus,Mustelus mustelus,na
https://doi.org/10.1093/jhered/esu064,Marino et al. 2014,rapid_tools,Multiplex PCR,Tissue DNA,MpunCOIaF,F,CATAAGCTTCTGACTTCTTCGT,both,Marino 2014 https://doi.org/10.1093/jhered/esu064,lab_experiments,COI,na,60,Shark,Carcharhiniformes,Triakidae,Mustelus,Mustelus punctulatus,na
https://doi.org/10.1093/jhered/esu064,Marino et al. 2014,rapid_tools,Multiplex PCR,Tissue DNA,MpunCOIbF,F,AGCAGGTACCGGTTGAAGC,both,Marino 2014 https://doi.org/10.1093/jhered/esu064,lab_experiments,COI,na,60,Shark,Carcharhiniformes,Triakidae,Mustelus,Mustelus punctulatus,na
http://dx.doi.org/10.1111/j.1755-0998.2011.03089.x,Caballero et al. 2012,rapid_tools,Multiplex PCR,Tissue DNA,Universal_thresherF,F,AGCTGGRGTTGAAGCYGGAG,developed,Caballero 2011 https://doi.org/10.1111/j.1755-0998.2011.03089.x,lab_experiments,COI,na,63,Shark,Lamniformes,Alopiidae,Alopias,na,na
http://dx.doi.org/10.1111/j.1755-0998.2011.03089.x,Caballero et al. 2012,rapid_tools,Multiplex PCR,Tissue DNA,CarcharhinidaeR,R,ACATGATAAAGGATTGGATCTCCTCCA,developed,Caballero 2011 https://doi.org/10.1111/j.1755-0998.2011.03089.x,lab_experiments,COI,na,63,Shark,Carcharhiniformes,Carcharhinidae,na,na,na
http://dx.doi.org/10.1111/j.1755-0998.2011.03089.x,Caballero et al. 2012,rapid_tools,Multiplex PCR,Tissue DNA,HammerR,R,GCTTCTACYCCAGCRGAAGCT,developed,Caballero 2011 https://doi.org/10.1111/j.1755-0998.2011.03089.x,lab_experiments,COI,na,63,Shark,Carcharhiniformes,Sphyrnidae,Sphyrna,na,Fish
https://doi.org/10.1093/jhered/esu064,Marino et al. 2014,rapid_tools,Multiplex PCR,Tissue DNA,MUSF,F,GTGAAAGGTGCTGTCCTG,both,Marino 2014 https://doi.org/10.1093/jhered/esu064,lab_experiments,ITS2,na,57.6,Shark,Carcharhiniformes,Triakidae,Mustelus,na,na
https://doi.org/10.1093/jhered/esu064,Marino et al. 2014,rapid_tools,Multiplex PCR,Tissue DNA,MUSR,R,CTCCAACGGTAACGGAAA,both,Marino 2014 https://doi.org/10.1093/jhered/esu064,lab_experiments,ITS2,na,57.6,Shark,Carcharhiniformes,Triakidae,Mustelus,na,na
https://doi.org/10.1093/jhered/esu064,Marino et al. 2014,rapid_tools,Multiplex PCR,Tissue DNA,Mustelus_COIR,R,GTTTGATATTGGGAAATGGCTGG,both,Marino 2014 https://doi.org/10.1093/jhered/esu064,lab_experiments,COI,na,60,Shark,Carcharhiniformes,Triakidae,Mustelus,na,na
http://dx.doi.org/10.1007/s12686-010-9175-8,Feldheim et al. 2010,just primer (specific),na,Tissue DNA,PrisCBF1,F,TGAGGACAAATATCCTTCTGAGGTGC,both,Feldheim et al. 2010 http://dx.doi.org/10.1007/s12686-010-9175-8,lab_experiments,CytB,na,52,Ray,Rhinopristiformes,Pristidae,Pristis,na,na
http://dx.doi.org/10.1007/s12686-010-9175-8,Feldheim et al. 2010,just primer (specific),na,Tissue DNA,PrisCBR1,R,AAGTAGGTGATTGAGGCGATTTGGCC,both,Feldheim et al. 2010 http://dx.doi.org/10.1007/s12686-010-9175-8,lab_experiments,CytB,na,52,Ray,Rhinopristiformes,Pristidae,Pristis,na,na
http://dx.doi.org/10.7717/peerj.5560,Ferrari et al. 2018,just primer (specific),na,na,NADH2SkatesF,F,GCCCATACCCCTACCATGT,applied,Ferrari 2018 10.7717/peerj.5560,,ND2,,55,Ray,Rajiformes,Rajidae,na,na,na
http://dx.doi.org/10.7717/peerj.5560,Ferrari et al. 2018,just primer (specific),na,na,NADH2SkatesR,R,GCTTTGAAGGCTTTTGGT,applied,Ferrari 2018 10.7717/peerj.5560,,ND2,,55,Ray,Rajiformes,Rajidae,na,na,na
http://dx.doi.org/10.1016/j.foodcont.2011.08.034,Lago et al. 2012,just primer (specific),na,na,COI_RajaF,F,CCGCTTAACTCTCAGCCATC,both,Lago 2012 https://doi.org/10.1016/j.foodcont.2011.08.034,lab_experiments,COI,na,50,Ray,Rajiformes,Rajidae,na,na,na
http://dx.doi.org/10.1016/j.foodcont.2011.08.034,Lago et al. 2012,just primer (specific),na,na,COI_RajaR,R,TCAGGGTGACCAAAGAATCA,both,Lago 2012 https://doi.org/10.1016/j.foodcont.2011.08.034,lab_experiments,COI,na,50,Ray,Rajiformes,Rajidae,na,na,na
http://dx.doi.org/10.1007/s10592-024-01604-y,Naylor et al. 2005,just primer (specific),na,na,Ile-Mustelus-F,F,AAGGACCACTTTGATAGAGT,applied,Naylor et al. 2005,na,ND2,na,55,Shark,Carcharhiniformes,Triakidae,Mustelus,na,na
https://repositorio.inpa.gov.br/bitstream/1/37542/1/tese_inpa.pdf,Ribeiro et al. 2006,just primer (specific),na,na,PotaATPf2_Lys,F,GGGTCYAGCATTAGCCTTT,applied,Toffoli 2006 https://doi.org/10.1590/S1415-47572008000200028*,,ATPase6,,50,Ray,Myliobatiformes,Potamotrygonidae,Potamotrygon,na,na
https://repositorio.inpa.gov.br/bitstream/1/37542/1/tese_inpa.pdf,Ribeiro et al. 2006,just primer (specific),na,na,PotaATPr2,R,GTTAGTGGTCAGGGGCTTGG,applied,Toffoli 2006 https://doi.org/10.1590/S1415-47572008000200028*,,ATPase6,,50,Ray,Myliobatiformes,Potamotrygonidae,Potamotrygon,na,na
https://doi.org/10.1111/j.0022-1112.2005.00664.x,Bremer et al. 2005,rapid_tools,PCR RFLP,Tissue DNA,RajaCOIf,F,CTTTGGTCACCTGAAGTATAT,applied,Alvarado Bremer 2005 https://doi.org/10.1111/j.0022-1112.2005.00664.x,na,COI,na,55,Ray,Rajiformes,na,na,na,na
https://doi.org/10.1111/j.0022-1112.2005.00664.x,Bremer et al. 2005,rapid_tools,PCR RFLP,Tissue DNA,RajaCOIr,R,TAAGCATCTGGGTAGTCTGAATAGCG,applied,Alvarado Bremer 2005 https://doi.org/10.1111/j.0022-1112.2005.00664.x,na,COI,na,55,Ray,Rajiformes,na,na,na,na
https://dx.doi.org/10.1007/s12686-020-01172-6,Canfield & Bowen 2021,rapid_tools,PCR RFLP,Tissue DNA,HFND2F,F,AGGACTCGAACCTACACTCA,developed,Canfield et al. 2021 http://dx.doi.org/10.1007/s12686-020-01172-6,lab_experiments,ND2,na,57,Shark,Heterodontiformes,Heterodontidae,Heterodontus,na,na
https://dx.doi.org/10.1007/s12686-020-01172-6,Canfield & Bowen 2021,rapid_tools,PCR RFLP,Tissue DNA,HFND2R,R,GCTTTGAAGGCTTTTGGTCT,developed,Canfield et al. 2021 http://dx.doi.org/10.1007/s12686-020-01172-6,lab_experiments,ND2,na,57,Shark,Heterodontiformes,Heterodontidae,Heterodontus,na,na
https://doi.org/10.1111/j.1420-9101.2004.00829.x,Valsecchi et al. 2005,rapid_tools,PCR RFLP,Tissue DNA,ElDloopF,F,TCCCAAAGCCAAGATTCTGC,applied,Valsecchi 2005 https://doi.org/10.1111/j.1420-9101.2004.00829.x,na,D-loop,na,na,Ray,Rajiformes,na,na,na,na
https://doi.org/10.1111/j.1420-9101.2004.00829.x,Valsecchi et al. 2005,rapid_tools,PCR RFLP,Tissue DNA,RajinaeP7r,R,AAACTGGGAGGGCTGGAAATCTTGA,applied,Valsecchi 2005 https://doi.org/10.1111/j.1420-9101.2004.00829.x,na,D-loop,na,na,Ray,Rajiformes,na,na,na,na
https://doi.org/10.1051/bioconf/20249201008,Abdullah et al. 2024,rapid_tools,Real Time PCR (qPCR),Tissue DNA,Carcharhinus_F,F,GCYATYTCCCAATAYCAAACACCA,developed,Abdullah et al. 2024 https://doi.org/10.1051/bioconf/20249201008,both,CytB,37.5,50,Shark,Carcharhiniformes,Carcharhinidae,Carcharhinus,na,na
https://doi.org/10.1051/bioconf/20249201008,Abdullah et al. 2024,rapid_tools,Real Time PCR (qPCR),Tissue DNA,Carcharhinus_R,R,TGTGGYATTGAGGTYACGATYTGT,developed,Abdullah et al. 2024 https://doi.org/10.1051/bioconf/20249201008,both,CytB,37.5,50,Shark,Carcharhiniformes,Carcharhinidae,Carcharhinus,na,na
http://dx.doi.org/10.1016/j.foodchem.2018.02.056,Kim et al. 2018,rapid_tools,Real Time PCR (qPCR),Tissue DNA,skateF,F,CTCCATTAACTTCATCACCACAATT,both,Kim et al 2019,in_silico,COI,na,60,Ray,Rajiformes,Rajidae,na,na,na
http://dx.doi.org/10.1016/j.foodchem.2018.02.056,Kim et al. 2018,rapid_tools,Real Time PCR (qPCR),Tissue DNA,skateR,R,AGAAAGTTGTGTTGAGATTACGATC,both,Kim et al 2020,in_silico,COI,na,60,Ray,Rajiformes,Rajidae,na,na,na
http://dx.doi.org/10.3354/esr00731,Simpfendorfer et al. 2016,rapid_tools,Taxon-Specific PCR,eDNA,PZ-COI_F1,F,CCTCCTTCTACTAGCCTCTGC,both,Simpfendorfer 2016 http://dx.doi.org/10.3354/esr00731,in_silico,COI,na,60,Ray,Rhinopristiformes,Pristidae,Pristis,na,na
http://dx.doi.org/10.3354/esr00731,Simpfendorfer et al. 2016,rapid_tools,Taxon-Specific PCR,eDNA,PZ-COI_R1,R,GGAAGAGATACCAGCTAAGTGCAA,both,Simpfendorfer 2016 http://dx.doi.org/10.3354/esr00731,in_silico,COI,na,60,Ray,Rhinopristiformes,Pristidae,Pristis,na,na
https://doi.org/10.1071/PC24068,Jiménez-Pérez et al. 2025,rapid_tools,LAMP,Tissue DNA,F3(F),F3(F),GATATAGCCTTCCCACGAAT,both,Jiménez-Pérez et al. 2025,lab_experiments,COI,na,68,Shark,Carcharhiniformes,Carcharhinidae,Prionace,Prionace glauca,na
https://doi.org/10.1071/PC24068,Jiménez-Pérez et al. 2025,rapid_tools,LAMP,Tissue DNA,B3(R),B3(R),CGGCTAAGTGAAGAGAGAA,both,Jiménez-Pérez et al. 2025,lab_experiments,COI,na,68,Shark,Carcharhiniformes,Carcharhinidae,Prionace,Prionace glauca,na
https://doi.org/10.1071/PC24068,Jiménez-Pérez et al. 2025,rapid_tools,LAMP,Tissue DNA,FIP,FIP,GGCTTCAACTCCAGCAGAGG-AATAACATAAGCTTCTGACTTCT,both,Jiménez-Pérez et al. 2025,lab_experiments,COI,na,68,Shark,Carcharhiniformes,Carcharhinidae,Prionace,Prionace glauca,na
https://doi.org/10.1071/PC24068,Jiménez-Pérez et al. 2025,rapid_tools,LAMP,Tissue DNA,BIP,BIP,AGGTACTGGTTGAACAGTTTATCC-GCTAAATCAACAGATGGTCCA,both,Jiménez-Pérez et al. 2025,lab_experiments,COI,na,68,Shark,Carcharhiniformes,Carcharhinidae,Prionace,Prionace glauca,na
https://doi.org/10.1071/PC24068,Jiménez-Pérez et al. 2025,rapid_tools,LAMP,Tissue DNA,LF,LF,GAGGAGGAGAAGAAATGATGGTG,both,Jiménez-Pérez et al. 2025,lab_experiments,COI,na,68,Shark,Carcharhiniformes,Carcharhinidae,Prionace,Prionace glauca,na
https://doi.org/10.1071/PC24068,Jiménez-Pérez et al. 2025,rapid_tools,LAMP,Tissue DNA,LB,LB,TCCATTAGCTAGTAACCTAGCACA,both,Jiménez-Pérez et al. 2025,lab_experiments,COI,na,68,Shark,Carcharhiniformes,Carcharhinidae,Prionace,Prionace glauca,na
http://dx.doi.org/10.1007/s12686-009-9131-7,Mendonça et al. 2009b,rapid_tools,Multiplex PCR,Tissue DNA,PglF,F,TCCAGTTCTTGCAGCAGGT,both,Mendon‚àö√üa et al. 2009 http://dx.doi.org/10.1007/s12686-009-9131-7,lab_experiments,COI,na,50,Shark,Carcharhiniformes,Carcharhinidae,Prionace,Prionace glauca,na
https://dx.doi.org/10.1046/j.1523-1739.2002.01188.x,Shivji et al. 2002,rapid_tools,Multiplex PCR,Tissue DNA,BlueF,F,AGAAGTGGAGCGACTGTCTTCGCC,both,Shivji 2002 https://doi.org/10.1046/j.1523-1739.2002.01188.x,lab_experiments,ITS2,na,65,Shark,Carcharhiniformes,Carcharhinidae,Prionace,Prionace glauca,na
https://doi.org/10.1051/bioconf/20249201008,Abdullah et al. 2024,rapid_tools,Real Time PCR (qPCR),Tissue DNA,Prionace_glauca_F,F,TGAAACAGGCTCTAATAACCCTCT,developed,Abdullah et al. 2024 https://doi.org/10.1051/bioconf/20249201008,both,CytB,41.7,50,Shark,Carcharhiniformes,Carcharhinidae,Prionace,Prionace glauca,na
https://doi.org/10.1051/bioconf/20249201008,Abdullah et al. 2024,rapid_tools,Real Time PCR (qPCR),Tissue DNA,Prionace_glauca_R,R,TGAATAGGGCTAATGTGGCTAAGA,developed,Abdullah et al. 2024 https://doi.org/10.1051/bioconf/20249201008,both,CytB,41.7,50,Shark,Carcharhiniformes,Carcharhinidae,Prionace,Prionace glauca,na
https://dx.doi.org/10.1002/aqc.3591,Cooper et al. 2021,rapid_tools,Real Time PCR (qPCR),eDNA,Pristis_clavata_F,F,GGTGCCTTAGATCCACCTAGAG,both,Cooper 2021 http://dx.doi.org/10.1002/aqc.3591,lab_experiments,12S,na,59.4,Ray,Rhinopristiformes,Pristidae,Pristis,Pristis clavata,na
https://dx.doi.org/10.1002/aqc.3591,Cooper et al. 2021,rapid_tools,Real Time PCR (qPCR),eDNA,Pristis_clavata_R,R,CTGACGTATTGAAGGTGGGTTCT,both,Cooper 2021 http://dx.doi.org/10.1002/aqc.3591,lab_experiments,12S,na,60.8,Ray,Rhinopristiformes,Pristidae,Pristis,Pristis clavata,na
https://dx.doi.org/10.1007/s12686-020-01149-5,Lehman et al. 2020,rapid_tools,Droplet Digital PCR (ddPCR),eDNA,PpecF,F,CTGGTTCACATTGACTCTTAATTTG,developed,Lehman et al. 2020 http://dx.doi.org/10.1007/s12686-020-01149-5,lab_experiments,ND2,na,64,Ray,Rhinopristiformes,Pristidae,Pristis,Pristis pectinata,na
https://dx.doi.org/10.1007/s12686-020-01149-5,Lehman et al. 2020,rapid_tools,Droplet Digital PCR (ddPCR),eDNA,PpecR,R,GAAGGAGAGCTGAAGCTGTAGC,developed,Lehman et al. 2020 http://dx.doi.org/10.1007/s12686-020-01149-5,lab_experiments,ND2,na,64,Ray,Rhinopristiformes,Pristidae,Pristis,Pristis pectinata,na
http://dx.doi.org/10.1007/s12686-010-9175-8,Feldheim et al. 2010,rapid_tools,Multiplex PCR,Tissue DNA,PpeF3,F,GCTTCTTTATCCTAATCTCATTACTCACCC,both,Feldheim et al. 2010 http://dx.doi.org/10.1007/s12686-010-9175-8,lab_experiments,CytB,na,65,Ray,Rhinopristiformes,Pristidae,Pristis,Pristis pectinata,na
http://dx.doi.org/10.1007/s12686-010-9175-8,Feldheim et al. 2010,rapid_tools,Multiplex PCR,Tissue DNA,PpeR4,R,AGGATTTGTGTGATGGGTCGTAATGTTAA,both,Feldheim et al. 2010 http://dx.doi.org/10.1007/s12686-010-9175-8,lab_experiments,CytB,na,65,Ray,Rhinopristiformes,Pristidae,Pristis,Pristis pectinata,na
https://dx.doi.org/10.1002/aqc.3591,Cooper et al. 2021,rapid_tools,Real Time PCR (qPCR),eDNA,Pristis_pectinata_F,F,GGCGGTACCTTAGATCTCTCTAG,both,Cooper 2021 http://dx.doi.org/10.1002/aqc.3591,lab_experiments,12S,na,59,Ray,Rhinopristiformes,Pristidae,Pristis,Pristis pectinata,na
https://dx.doi.org/10.1002/aqc.3591,Cooper et al. 2021,rapid_tools,Real Time PCR (qPCR),eDNA,Pristis_pectinata_R,R,CGACCTGACGTATTGGAGAATG,both,Cooper 2021 http://dx.doi.org/10.1002/aqc.3591,lab_experiments,12S,na,58.9,Ray,Rhinopristiformes,Pristidae,Pristis,Pristis pectinata,na
http://dx.doi.org/10.3389/fmars.2024.1290661,Bonfil et al. 2024,rapid_tools,Taxon-Specific PCR,eDNA,Ppec-F1,F,GTAACTGCCCATGCCTTTGT,both,Bonfil 2024 http://dx.doi.org/10.3389/fmars.2024.1290661,lab_experiments,COI,,58,Ray,Pristiophoriformes,Pristidae,Pristis,Pristis pectinata,na
http://dx.doi.org/10.3389/fmars.2024.1290661,Bonfil et al. 2024,rapid_tools,Taxon-Specific PCR,eDNA,Ppec-R1,R,TAGAGGAGATGCCGGCTAAA,both,Bonfil 2024 http://dx.doi.org/10.3389/fmars.2024.1290661,lab_experiments,COI,,58,Ray,Pristiophoriformes,Pristidae,Pristis,Pristis pectinata,na
https://dx.doi.org/10.1002/aqc.3591,Cooper et al. 2021,rapid_tools,Real Time PCR (qPCR),eDNA,Pristis_pristis_F,F,GTGCCTCAGACCCACCTAGA,both,Cooper 2021 http://dx.doi.org/10.1002/aqc.3591,lab_experiments,12S,na,60.6,Ray,Rhinopristiformes,Pristidae,Pristis,Pristis pristis,na
https://dx.doi.org/10.1002/aqc.3591,Cooper et al. 2021,rapid_tools,Real Time PCR (qPCR),eDNA,Pristis_pristis_R,R,CATCATACTGTTCGTTTTTTCTTAGGAG,both,Cooper 2021 http://dx.doi.org/10.1002/aqc.3591,lab_experiments,12S,na,59.1,Ray,Rhinopristiformes,Pristidae,Pristis,Pristis pristis,na
https://dx.doi.org/10.1002/aqc.3591,Cooper et al. 2021,rapid_tools,Real Time PCR (qPCR),eDNA,Pristis_zijsron_F,F,GGTGCCTTAGATCCACCTAGAG,both,Cooper 2021 http://dx.doi.org/10.1002/aqc.3591,lab_experiments,12S,na,58.3,Ray,Rhinopristiformes,Pristidae,Pristis,Pristis zijsron,na
https://dx.doi.org/10.1002/aqc.3591,Cooper et al. 2021,rapid_tools,Real Time PCR (qPCR),eDNA,Pristis_zijsron_R,R,CGACCTGACGTATTGAAGATAGAT,both,Cooper 2021 http://dx.doi.org/10.1002/aqc.3591,lab_experiments,12S,na,58,Ray,Rhinopristiformes,Pristidae,Pristis,Pristis zijsron,na
http://dx.doi.org/10.1111/j.1755-0998.2009.02728.x,de-Franco 2009,rapid_tools,Multiplex PCR,Tissue DNA,RhoF,F,CCAGGAACACTTCTGGGAGAT,applied,De-Franco 2009 https://doi.org/10.1111/j.1755-0998.2009.02728.x,na,COI,na,50,Ray,Rhinopristiformes,Rhinobatidae,Pseudobatos,Pseudobatos horkelii,na
http://dx.doi.org/10.1111/j.1755-0998.2009.02728.x,de-Franco 2009,rapid_tools,Multiplex PCR,Tissue DNA,RpeF,F,TGAACCGTTTATCCGCCA,applied,De-Franco 2009 https://doi.org/10.1111/j.1755-0998.2009.02728.x,na,COI,na,50,Ray,Rhinopristiformes,Rhinobatidae,Pseudobatos,Pseudobatos percellens,na
http://dx.doi.org/10.1007/s00227-004-1378-7,Sandoval-Castilho et al. 2004,just primer (specific),na,na,CbRhino1163,R,CYTACTTCTCATTATTCCTNATCCTCCTACC,both,Sandoval-Castillo 2004 http://dx.doi.org/10.1007/s00227-004-1378-7,,D-loop,na,63,Ray,Rhinopristiformes,Rhinobatidae,Pseudobatos,Pseudobatos productus,na
http://dx.doi.org/10.1007/s00227-004-1378-7,Sandoval-Castilho et al. 2004,just primer (universal),na,na,12Srev326,F,ACTCGTATAACCGCGGTGGCT,both,Sandoval-Castillo 2004 http://dx.doi.org/10.1007/s00227-004-1378-7,,D-loop,na,63,Ray,Rhinopristiformes,Rhinobatidae,Pseudobatos,Pseudobatos productus,na
http://dx.doi.org/10.1038/s41598-020-61150-8,But et al. 2020,rapid_tools,LAMP,Tissue DNA,RT04BI,B3(R),TAGTTACAAGAATAGATCAGACG,both,But 2020 https://doi.org/10.1038/s41598-020-61150-8,in_silico,COI,na,62,Shark,Orectolobiformes,Rhincodontidae,Rhincodon,Rhincodon typus,na
http://dx.doi.org/10.1038/s41598-020-61150-8,But et al. 2020,rapid_tools,LAMP,Tissue DNA,RT2A4BI_BIPV7,BIP,GATCAACTGATGCTCCCGCGCAGGAACAGGCTGAACTG,both,But 2020 https://doi.org/10.1038/s41598-020-61150-8,in_silico,COI,na,70,Shark,Orectolobiformes,Rhincodontidae,Rhincodon,Rhincodon typus,na
http://dx.doi.org/10.1038/s41598-020-61150-8,But et al. 2020,rapid_tools,LAMP,Tissue DNA,RT02A,F3(F),ATTACTTCCACCTTCATTCTTAT,both,But 2020 https://doi.org/10.1038/s41598-020-61150-8,in_silico,COI,na,62,Shark,Orectolobiformes,Rhincodontidae,Rhincodon,Rhincodon typus,na
http://dx.doi.org/10.1038/s41598-020-61150-8,But et al. 2020,rapid_tools,LAMP,Tissue DNA,RT2A4BI_FIPV3,FIP,GATCAACTGATGCTCCCGCGCAGGAACAGGCTGAACTG,both,But 2020 https://doi.org/10.1038/s41598-020-61150-8,in_silico,COI,na,70,Shark,Orectolobiformes,Rhincodontidae,Rhincodon,Rhincodon typus,na
https://doi.org/10.1111/j.1365-294X.2007.03597.x,Castro et al. 2007,just primer (specific),na,na,WSCR1-F,F,TTGGCTCCCAAAGCCAAGATTCTTC,applied,Castro 2007 10.1111/j.1365-294X.2007.03597.x,na,D-loop,na,58,Shark,Orectolobiformes,Rhincodontidae,Rhincodon,Rhincodon typus,na
https://doi.org/10.1111/j.1365-294X.2007.03597.x,Castro et al. 2007,just primer (specific),na,na,WSCR1-R,R,GCATGTATAATTTTGGTTACAA,applied,Castro 2007 10.1111/j.1365-294X.2007.03597.x,na,D-loop,na,58,Shark,Orectolobiformes,Rhincodontidae,Rhincodon,Rhincodon typus,na
https://doi.org/10.1111/j.1365-294X.2007.03597.x,Castro et al. 2007,just primer (specific),na,na,WSCR2-R,R,CTTAATATTTATTGTTCCTGGTTTCAGCC,applied,Castro 2007 10.1111/j.1365-294X.2007.03597.x,na,D-loop,na,58,Shark,Orectolobiformes,Rhincodontidae,Rhincodon,Rhincodon typus,na
https://doi.org/10.1111/j.1365-294X.2007.03597.x,Castro et al. 2007,just primer (specific),na,na,WSCR2-F,F,CTATAATTGATTTAAACTGACATTTG,applied,Castro 2007 10.1111/j.1365-294X.2007.03597.x,na,D-loop,na,58,Shark,Orectolobiformes,Rhincodontidae,Rhincodon,Rhincodon typus,na
http://dx.doi.org/10.1038/s41559-016-0004,Sigsgaard et al. 2017,just primer (specific),na,na,RhitypDLL1,F,TATTGACGGCAGATGTCGAG,developed,Sigsgaard 2016 http://dx.doi.org/10.1038/s41559-016-0004,lab_experiments,D-loop,na,55,Shark,Orectolobiformes,Rhincodontidae,Rhincodon,Rhincodon typus,na
http://dx.doi.org/10.1038/s41559-016-0004,Sigsgaard et al. 2017,just primer (specific),na,na,RhitypDLR1,R,CCACATTTCTATAACATATTA,developed,Sigsgaard 2016 http://dx.doi.org/10.1038/s41559-016-0004,lab_experiments,D-loop,na,55,Shark,Orectolobiformes,Rhincodontidae,Rhincodon,Rhincodon typus,na
http://dx.doi.org/10.1038/s41559-016-0004,Sigsgaard et al. 2017,just primer (specific),na,na,RhitypDLR1,R,TGGATTAATGCAGGTTTTTACAAAC,developed,Sigsgaard 2016 http://dx.doi.org/10.1038/s41559-016-0004,lab_experiments,D-loop,na,55,Shark,Orectolobiformes,Rhincodontidae,Rhincodon,Rhincodon typus,na
http://dx.doi.org/10.1038/s41559-016-0004,Sigsgaard et al. 2017,just primer (specific),na,na,RhitypDLR2,R,TGCATGGTTTTATGTACGTCAGT,developed,Sigsgaard 2016 http://dx.doi.org/10.1038/s41559-016-0004,lab_experiments,D-loop,na,55,Shark,Orectolobiformes,Rhincodontidae,Rhincodon,Rhincodon typus,na
https://doi.org/10.1080/00028487.2017.1285350,Carney et al. 2017,just primer (specific),na,na,R.bonasus-COI-F,F,TTGATCTTTGGTGCATGAGCAGGG,developed,Carney 2017 http://dx.doi.org/10.1080/00028487.2017.1285350,na,COI,na,58,Ray,Myliobatiformes,Rhinopteridae,Rhinoptera,Rhinoptera bonasus,na
https://doi.org/10.1080/00028487.2017.1285350,Carney et al. 2017,just primer (specific),na,na,R.bonasus-COI-R,R,TCCTGCTGGATCGAAGAAGGTTGT,developed,Carney 2017 http://dx.doi.org/10.1080/00028487.2017.1285350,na,COI,na,58,Ray,Myliobatiformes,Rhinopteridae,Rhinoptera,Rhinoptera bonasus,na
https://doi.org/10.1080/00028487.2017.1285350,Carney et al. 2017,just primer (specific),na,na,R.bonasus-CytB-F,F,ATCCGTAATGTTCACGCCAACGG,developed,Carney 2017 http://dx.doi.org/10.1080/00028487.2017.1285350,na,CytB,na,56,Ray,Myliobatiformes,Rhinopteridae,Rhinoptera,Rhinoptera bonasus,na
https://doi.org/10.1080/00028487.2017.1285350,Carney et al. 2017,just primer (specific),na,na,R.bonasus-CytB-R,R,AGGTTGGGTGTGAATAGGGCTAGA,developed,Carney 2017 http://dx.doi.org/10.1080/00028487.2017.1285350,na,CytB,na,56,Ray,Myliobatiformes,Rhinopteridae,Rhinoptera,Rhinoptera bonasus,na
http://dx.doi.org/10.1007/s10641-014-0297-9,Fisher et al. 2014,just primer (specific),na,na,Rb_Cytb_F,R,GGCCTHTTYCTRGCTATACACTACAC,both,Fisher 2014 https://doi.org/10.1007/s10641-014-0297-9,na,CytB,na,na,Ray,Myliobatiformes,Rhinopteridae,Rhinoptera,Rhinoptera bonasus,na
http://dx.doi.org/10.1007/s10641-014-0297-9,Fisher et al. 2014,just primer (specific),na,na,Rb_Cytb_R2,F,AGGGRTGGAATGGRATTTT,both,Fisher 2014 https://doi.org/10.1007/s10641-014-0297-9,na,CytB,na,na,Ray,Myliobatiformes,Rhinopteridae,Rhinoptera,Rhinoptera bonasus,na
http://dx.doi.org/10.1371/journal.pone.0034797,Pinhal et al. 2012,rapid_tools,Multiplex PCR,Tissue DNA,Racut555F,F,TTAACGTTCTGTGCGTGTCGAGT,developed,Pinhal 2012 https://doi.org/10.1371/journal.pone.0034797,lab_experiments,ITS2,na,55,Shark,Carcharhiniformes,Carcharhinidae,Rhizoprionodon,Rhizoprionodon acutus,na
http://dx.doi.org/10.1111/j.1755-0998.2009.02524.x,Mendonça et al. 2009a,rapid_tools,Multiplex PCR,Tissue DNA,RlaF,F,TCAACCTGGATCTCTTTTAGGT,both,Mendon‚àö√üa et al. 2009 http://dx.doi.org/10.1111/j.1755-0998.2009.02524.x,lab_experiments,COI,na,50,Shark,Carcharhiniformes,Carcharhinidae,Rhizoprionodon,Rhizoprionodon lalandii,na
http://dx.doi.org/10.1371/journal.pone.0034797,Pinhal et al. 2012,rapid_tools,Multiplex PCR,Tissue DNA,Rlal293F,F,GGCACGTAGGCACCGCCCGCTAT,developed,Pinhal 2012 https://doi.org/10.1371/journal.pone.0034797,lab_experiments,ITS2,na,55,Shark,Carcharhiniformes,Carcharhinidae,Rhizoprionodon,Rhizoprionodon lalandii,na
http://dx.doi.org/10.1371/journal.pone.0034797,Pinhal et al. 2012,rapid_tools,Multiplex PCR,Tissue DNA,Rlong1116F,F,GACTTGCTCTGTCCTTGAGCCC,developed,Pinhal 2012 https://doi.org/10.1371/journal.pone.0034797,lab_experiments,ITS2,na,55,Shark,Carcharhiniformes,Carcharhinidae,Rhizoprionodon,Rhizoprionodon longurio,na
http://dx.doi.org/10.1371/journal.pone.0034797,Pinhal et al. 2012,rapid_tools,Multiplex PCR,Tissue DNA,Rolig741F,F,TACCGGGAGAGCTCGGAAAACGT,developed,Pinhal 2012 https://doi.org/10.1371/journal.pone.0034797,lab_experiments,ITS2,na,55,Shark,Carcharhiniformes,Carcharhinidae,Rhizoprionodon,Rhizoprionodon oligolinx,na
http://dx.doi.org/10.1111/j.1755-0998.2009.02524.x,Mendonça et al. 2009a,rapid_tools,Multiplex PCR,Tissue DNA,RpoF,F,TACCCCCCATTAGCTAGTAATA,developed,Mendon‚àö√üa et al. 2009 http://dx.doi.org/10.1111/j.1755-0998.2009.02524.x,lab_experiments,COI,na,50,Shark,Carcharhiniformes,Carcharhinidae,Rhizoprionodon,Rhizoprionodon porosus,na
http://dx.doi.org/10.1007/s12686-009-9131-7,Mendonça et al. 2009b,rapid_tools,Multiplex PCR,Tissue DNA,RpoF2,F,CCCATTAGCTAGTAATA,both,Mendon‚àö√üa et al. 2009 http://dx.doi.org/10.1007/s12686-009-9131-7,lab_experiments,COI,na,50,Shark,Carcharhiniformes,Carcharhinidae,Rhizoprionodon,Rhizoprionodon porosus,na
http://dx.doi.org/10.1371/journal.pone.0034797,Pinhal et al. 2012,rapid_tools,Multiplex PCR,Tissue DNA,Rpor1260F,F,GCGAGGCACACCTCGGCAC,developed,Pinhal 2012 https://doi.org/10.1371/journal.pone.0034797,lab_experiments,ITS2,na,55,Shark,Carcharhiniformes,Carcharhinidae,Rhizoprionodon,Rhizoprionodon porosus,na
http://dx.doi.org/10.1371/journal.pone.0034797,Pinhal et al. 2012,rapid_tools,Multiplex PCR,Tissue DNA,Rtay482F,F,AACGGTTCGGGTGCTCCGGCA,developed,Pinhal 2012 https://doi.org/10.1371/journal.pone.0034797,lab_experiments,ITS2,na,55,Shark,Carcharhiniformes,Carcharhinidae,Rhizoprionodon,Rhizoprionodon taylori,na
http://dx.doi.org/10.1371/journal.pone.0034797,Pinhal et al. 2012,rapid_tools,Multiplex PCR,Tissue DNA,Rter946F,F,TGTGAATAGGGGCAGCCGACA,developed,Pinhal 2012 https://doi.org/10.1371/journal.pone.0034797,lab_experiments,ITS2,na,55,Shark,Carcharhiniformes,Carcharhinidae,Rhizoprionodon,Rhizoprionodon terraenovae,na
https://doi.org/10.1071/PC24068,Jiménez-Pérez et al. 2025,rapid_tools,LAMP,Tissue DNA,F3(F),F3(F),GGAACAGCCCTAAGTCTT,both,Jiménez-Pérez et al. 2025,lab_experiments,COI,na,66,Shark,Carcharhiniformes,Sphyrnidae,Sphyrna,Sphyrna lewini,na
https://doi.org/10.1071/PC24068,Jiménez-Pérez et al. 2025,rapid_tools,LAMP,Tissue DNA,B3(R),B3(R),GTGGAAGAAGCCAGAAGC,both,Jiménez-Pérez et al. 2025,lab_experiments,COI,na,66,Shark,Carcharhiniformes,Sphyrnidae,Sphyrna,Sphyrna lewini,na
https://doi.org/10.1071/PC24068,Jiménez-Pérez et al. 2025,rapid_tools,LAMP,Tissue DNA,FIP,FIP,AAGCGTGGGCAGTTACAATTACA-CTAATTCGAGCTGAACTTGGA,both,Jiménez-Pérez et al. 2025,lab_experiments,COI,na,66,Shark,Carcharhiniformes,Sphyrnidae,Sphyrna,Sphyrna lewini,na
https://doi.org/10.1071/PC24068,Jiménez-Pérez et al. 2025,rapid_tools,LAMP,Tissue DNA,BIP,BIP,TGCCAATTATAATTGGTGGTTTTGG-GTGGAAAGGCCATGTCTG,both,Jiménez-Pérez et al. 2025,lab_experiments,COI,na,66,Shark,Carcharhiniformes,Sphyrnidae,Sphyrna,Sphyrna lewini,na
https://doi.org/10.1071/PC24068,Jiménez-Pérez et al. 2025,rapid_tools,LAMP,Tissue DNA,LF,LF,TCATCTCCTAAAAGAGATCCTGGT,both,Jiménez-Pérez et al. 2025,lab_experiments,COI,na,66,Shark,Carcharhiniformes,Sphyrnidae,Sphyrna,Sphyrna lewini,na
https://doi.org/10.1071/PC24068,Jiménez-Pérez et al. 2025,rapid_tools,LAMP,Tissue DNA,LB,LB,CTAGTTCCTTTAATAATTGGTGCGC,both,Jiménez-Pérez et al. 2025,lab_experiments,COI,na,66,Shark,Carcharhiniformes,Sphyrnidae,Sphyrna,Sphyrna lewini,na
https://doi.org/10.1071/PC24068,Jiménez-Pérez et al. 2025,rapid_tools,LAMP,Tissue DNA,F3(F),F3(F),AGCCCTAAGTCTCTTAATTCG,both,Jiménez-Pérez et al. 2025,lab_experiments,COI,na,69,Shark,Carcharhiniformes,Sphyrnidae,Sphyrna,Sphyrna zygaena,na
https://doi.org/10.1071/PC24068,Jiménez-Pérez et al. 2025,rapid_tools,LAMP,Tissue DNA,B3(R),B3(R),GGTGGAAGAAGTCAGAAACT,both,Jiménez-Pérez et al. 2025,lab_experiments,COI,na,69,Shark,Carcharhiniformes,Sphyrnidae,Sphyrna,Sphyrna zygaena,na
https://doi.org/10.1071/PC24068,Jiménez-Pérez et al. 2025,rapid_tools,LAMP,Tissue DNA,FIP,FIP,GCGTGGGCGGTTACAATTAC-AGCTGAACTTGGGCAAC,both,Jiménez-Pérez et al. 2025,lab_experiments,COI,na,69,Shark,Carcharhiniformes,Sphyrnidae,Sphyrna,Sphyrna zygaena,na
https://doi.org/10.1071/PC24068,Jiménez-Pérez et al. 2025,rapid_tools,LAMP,Tissue DNA,BIP,BIP,ATGCCAATCATAATTGGTGGCTTC-ATTTATTCGTGGGAAGGCC,both,Jiménez-Pérez et al. 2025,lab_experiments,COI,na,69,Shark,Carcharhiniformes,Sphyrnidae,Sphyrna,Sphyrna zygaena,na
https://doi.org/10.1071/PC24068,Jiménez-Pérez et al. 2025,rapid_tools,LAMP,Tissue DNA,LF,LF,GGTCATCTCCTAGAAGAGATCCTG,both,Jiménez-Pérez et al. 2025,lab_experiments,COI,na,69,Shark,Carcharhiniformes,Sphyrnidae,Sphyrna,Sphyrna zygaena,na
https://doi.org/10.1071/PC24068,Jiménez-Pérez et al. 2025,rapid_tools,LAMP,Tissue DNA,LB,LB,TCCTTTAATAATTGGTGCACCAGAC,both,Jiménez-Pérez et al. 2025,lab_experiments,COI,na,69,Shark,Carcharhiniformes,Sphyrnidae,Sphyrna,Sphyrna zygaena,na
http://dx.doi.org/10.1038/s41598-020-61150-8,But et al. 2020,rapid_tools,LAMP,Tissue DNA,SL04B,B3(R),TGCAAGAACTGGAAGTGATAGG,both,But 2020 https://doi.org/10.1038/s41598-020-61150-8,in_silico,COI,na,70,Shark,Carcharhiniformes,Sphyrnidae,Sphyrna,Sphyrna lewini,na
http://dx.doi.org/10.1038/s41598-020-61150-8,But et al. 2020,rapid_tools,LAMP,Tissue DNA,SL4A4B_BIPV1,BIP,CCAGCCATTTCTCAATATCAAAGTAGGATAGTAGTTACAAGG,both,But 2020 https://doi.org/10.1038/s41598-020-61150-8,in_silico,COI,na,70,Shark,Carcharhiniformes,Sphyrnidae,Sphyrna,Sphyrna lewini,na
http://dx.doi.org/10.1038/s41598-020-61150-8,But et al. 2020,rapid_tools,LAMP,Tissue DNA,SL04A,F3(F),AGCTATCTTTTCTCTCCACC,both,But 2020 https://doi.org/10.1038/s41598-020-61150-8,in_silico,COI,na,70,Shark,Carcharhiniformes,Sphyrnidae,Sphyrna,Sphyrna lewini,na
http://dx.doi.org/10.1038/s41598-020-61150-8,But et al. 2020,rapid_tools,LAMP,Tissue DNA,SL4A4B_FIPV1,FIP,AGGTTTCATGTTAATGATAGTAGCCGGTGTATCATCAATT,both,But 2020 https://doi.org/10.1038/s41598-020-61150-8,in_silico,COI,na,70,Shark,Carcharhiniformes,Sphyrnidae,Sphyrna,Sphyrna lewini,na
http://dx.doi.org/10.1002/aqc.3592,Lin et al. 2021,rapid_tools,LAMP,Tissue DNA,SI_Cytb-B3,B3(R),GAGGATAAAGATTGAGAATAAAAGG,developed,Lin 2021 http://dx.doi.org/10.1002/aqc.3592,lab_experiments,CytB,na,na,Shark,Carcharhiniformes,Sphyrnidae,Sphyrna,Sphyrna lewini,na
http://dx.doi.org/10.1002/aqc.3592,Lin et al. 2021,rapid_tools,LAMP,Tissue DNA,SI_ND2-B3,B3(R),GTTTGATTAAGTCCTCCTCATC,developed,Lin 2021 http://dx.doi.org/10.1002/aqc.3592,lab_experiments,ND2,na,na,Shark,Carcharhiniformes,Sphyrnidae,Sphyrna,Sphyrna lewini,na
http://dx.doi.org/10.1002/aqc.3592,Lin et al. 2021,rapid_tools,LAMP,Tissue DNA,SI_Cytb-BIP,BIP,AACCCGAATGATACTTCCTATTCGGCTAAGACTCCTCCTAGTTTG,developed,Lin 2021 http://dx.doi.org/10.1002/aqc.3592,lab_experiments,CytB,na,na,Shark,Carcharhiniformes,Sphyrnidae,Sphyrna,Sphyrna lewini,na
http://dx.doi.org/10.1002/aqc.3592,Lin et al. 2021,rapid_tools,LAMP,Tissue DNA,SI_ND2-BIP,BIP,ACTCCAACTATATCCCCTACTCAACCTCCAATAATTGTTGAAAGGATACC,developed,Lin 2021 http://dx.doi.org/10.1002/aqc.3592,lab_experiments,ND2,na,na,Shark,Carcharhiniformes,Sphyrnidae,Sphyrna,Sphyrna lewini,na
http://dx.doi.org/10.1002/aqc.3592,Lin et al. 2021,rapid_tools,LAMP,Tissue DNA,SI_Cytb-F3,F3(F),AAAGACCTACTTGGCTTCT,developed,Lin 2021 http://dx.doi.org/10.1002/aqc.3592,lab_experiments,CytB,na,na,Shark,Carcharhiniformes,Sphyrnidae,Sphyrna,Sphyrna lewini,na
http://dx.doi.org/10.1002/aqc.3592,Lin et al. 2021,rapid_tools,LAMP,Tissue DNA,SI_ND2-F3,F3(F),GCCCTAAAAATTGGCCTTG,developed,Lin 2021 http://dx.doi.org/10.1002/aqc.3592,lab_experiments,ND2,na,na,Shark,Carcharhiniformes,Sphyrnidae,Sphyrna,Sphyrna lewini,na
http://dx.doi.org/10.1002/aqc.3592,Lin et al. 2021,rapid_tools,LAMP,Tissue DNA,SI_Cytb-FIP,FIP,TCAGCGTCTCCTAGTAGATTGGGCGTTATAATCTTCTTCCTAACCAC,developed,Lin 2021 http://dx.doi.org/10.1002/aqc.3592,lab_experiments,CytB,na,na,Shark,Carcharhiniformes,Sphyrnidae,Sphyrna,Sphyrna lewini,na
http://dx.doi.org/10.1002/aqc.3592,Lin et al. 2021,rapid_tools,LAMP,Tissue DNA,SI_ND2-FIP,FIP,AGGGGGCTAATTTTTGTCAGGTTGACTTCCAGAAGTACTACAAGG,developed,Lin 2021 http://dx.doi.org/10.1002/aqc.3592,lab_experiments,ND2,na,na,Shark,Carcharhiniformes,Sphyrnidae,Sphyrna,Sphyrna lewini,na
http://dx.doi.org/10.1002/aqc.3592,Lin et al. 2021,rapid_tools,LAMP,Tissue DNA,SI_Cytb-LB,LB,CTATGCAATCTTACGCTCTATTCCT,developed,Lin 2021 http://dx.doi.org/10.1002/aqc.3592,lab_experiments,CytB,na,na,Shark,Carcharhiniformes,Sphyrnidae,Sphyrna,Sphyrna lewini,na
http://dx.doi.org/10.1002/aqc.3592,Lin et al. 2021,rapid_tools,LAMP,Tissue DNA,SI_ND2-LF,LB,ATGAGTCCAGTAGTGAGGTCTAAA,developed,Lin 2021 http://dx.doi.org/10.1002/aqc.3592,lab_experiments,ND2,na,na,Shark,Carcharhiniformes,Sphyrnidae,Sphyrna,Sphyrna lewini,na
http://dx.doi.org/10.1007/s12686-009-9131-7,Mendonça et al. 2009b,rapid_tools,Multiplex PCR,Tissue DNA,SleF,F,GGCCTTCCCACGAATAAAC,both,Mendon‚àö√üa et al. 2009 http://dx.doi.org/10.1007/s12686-009-9131-7,lab_experiments,COI,na,50,Shark,Carcharhiniformes,Sphyrnidae,Sphyrna,Sphyrna lewini,na
https://dx.doi.org/10.1007/s10592-005-9036-2,Abercrombie et al. 2005,rapid_tools,Multiplex PCR; Multiplex qPCR,Tissue DNA,ScHH401F,F,GGTAAAGGATCCGCTTTGCTGGA,both,Abercrombie 2005 http://dx.doi.org/10.1007/s10592-005-9036-2,na,ITS2,na,65,Shark,Carcharhiniformes,Sphyrnidae,Sphyrna,Sphyrna lewini,na
http://dx.doi.org/10.1016/j.ecolind.2021.107649,Budd et al. 2021,rapid_tools,Real Time PCR (qPCR),eDNA,S._lewini_12S_F,F,AAGGTGGATTTAGCAGTAAGAAGAGATC,applied,Budd et al. 2021 https://doi.org/10.1016/j.ecolind.2021.107649,na,12S,38.29,62,Shark,Carcharhiniformes,Sphyrnidae,Sphyrna,Sphyrna lewini,na
http://dx.doi.org/10.1016/j.ecolind.2021.107649,Budd et al. 2021,rapid_tools,Real Time PCR (qPCR),eDNA,S._lewini_12S_R3,R,GAGTGTGTTTATAGAAAAGTAGGTTG,applied,Budd et al. 2021 https://doi.org/10.1016/j.ecolind.2021.107649,na,12S,34.62,62,Shark,Carcharhiniformes,Sphyrnidae,Sphyrna,Sphyrna lewini,na
http://dx.doi.org/10.1038/s41598-020-61150-8,But et al. 2020,rapid_tools,LAMP,Tissue DNA,SM04B,B3(R),CTTTCGTAATAATCTTTTTTATGGTA,both,But 2020 https://doi.org/10.1038/s41598-020-61150-8,in_silico,COI,na,59,Shark,Carcharhiniformes,Sphyrnidae,Sphyrna,Sphyrna mokarran,na
http://dx.doi.org/10.1038/s41598-020-61150-8,But et al. 2020,rapid_tools,LAMP,Tissue DNA,SM3A4B_BIPV1,BIP,CCACTTAGCTGGTATCTCATCAATCTTGAGAAATAGCTGGGGGT,both,But 2020 https://doi.org/10.1038/s41598-020-61150-8,in_silico,COI,na,59,Shark,Carcharhiniformes,Sphyrnidae,Sphyrna,Sphyrna mokarran,na
http://dx.doi.org/10.1038/s41598-020-61150-8,But et al. 2020,rapid_tools,LAMP,Tissue DNA,SM03A,F3(F),CTTTCGTAATAATCTTTTTTATGGTA,both,But 2020 https://doi.org/10.1038/s41598-020-61150-8,in_silico,COI,na,59,Shark,Carcharhiniformes,Sphyrnidae,Sphyrna,Sphyrna mokarran,na
http://dx.doi.org/10.1038/s41598-020-61150-8,But et al. 2020,rapid_tools,LAMP,Tissue DNA,SM3A4B_FIPV1,FIP,TTCGTGGGAAAGCTATATCTGGTGGGTGGTTTTGGGAATTGACT,both,But 2020 https://doi.org/10.1038/s41598-020-61150-8,in_silico,COI,na,59,Shark,Carcharhiniformes,Sphyrnidae,Sphyrna,Sphyrna mokarran,na
http://dx.doi.org/10.1038/s41598-020-61150-8,But et al. 2020,rapid_tools,LAMP,Tissue DNA,SM3A4B_F1B1_LBV1,LB,CTGGCCTCAATTAATTTCATCACAA,both,But 2020 https://doi.org/10.1038/s41598-020-61150-8,in_silico,COI,na,59,Shark,Carcharhiniformes,Sphyrnidae,Sphyrna,Sphyrna mokarran,na
https://dx.doi.org/10.1007/s10592-005-9036-2,Abercrombie et al. 2005,rapid_tools,Multiplex PCR; Multiplex qPCR,Tissue DNA,GtHH123F,F,AGCAAAGAGCGTGGCTGGGGTTTCGA,both,Abercrombie 2005 http://dx.doi.org/10.1007/s10592-005-9036-2,na,ITS2,na,65,Shark,Carcharhiniformes,Sphyrnidae,Sphyrna,Sphyrna mokarran,na
https://doi.org/10.1590/1519-6984.274862,Sodré et al. 2024,rapid_tools,Taxon-Specific PCR,Tissue DNA,Sphyrna_cmtt-F,F,GGGACCGTGTTTGGCTTGTG,applied,Sodr‚àö¬© 2024 https://doi.org/10.1590/1519-6984.274862,in_silico,ITS2,60,,Shark,Carcharhiniformes,Sphyrnidae,Sphyrna,Sphyrna tudes; Sphyrna corona; Sphyrna media; Sphyrna tiburo,na
https://doi.org/10.1590/1519-6984.274862,Sodré et al. 2024,rapid_tools,Taxon-Specific PCR,Tissue DNA,Spryna_cmtt-R,R,TGCTCTCTCACTCCATTGCCA,applied,Sodr‚àö¬© 2024 https://doi.org/10.1590/1519-6984.274862,in_silico,ITS2,52,,Shark,Carcharhiniformes,Sphyrnidae,Sphyrna,Sphyrna tudes; Sphyrna corona; Sphyrna media; Sphyrna tiburo,na
http://dx.doi.org/10.1038/s41598-020-61150-8,But et al. 2020,rapid_tools,LAMP,Tissue DNA,SZ04B,B3(R),TTCCTGCTCCAGCTTCTACC,both,But 2020 https://doi.org/10.1038/s41598-020-61150-8,in_silico,COI,na,58,Shark,Carcharhiniformes,Sphyrnidae,Sphyrna,Sphyrna zygaena,na
http://dx.doi.org/10.1038/s41598-020-61150-8,But et al. 2020,rapid_tools,LAMP,Tissue DNA,SZ3A4B_BIPV2,BIP,AATCATAATTGGTGGCTTCGGGGGAGGAGAAGAAATGATGGTG,both,But 2020 https://doi.org/10.1038/s41598-020-61150-8,in_silico,COI,na,58,Shark,Carcharhiniformes,Sphyrnidae,Sphyrna,Sphyrna zygaena,na
http://dx.doi.org/10.1038/s41598-020-61150-8,But et al. 2020,rapid_tools,LAMP,Tissue DNA,SZ03A,F3(F),CATGAGCAGGTATAGTTGGG,both,But 2020 https://doi.org/10.1038/s41598-020-61150-8,in_silico,COI,na,58,Shark,Carcharhiniformes,Sphyrnidae,Sphyrna,Sphyrna zygaena,na
http://dx.doi.org/10.1038/s41598-020-61150-8,But et al. 2020,rapid_tools,LAMP,Tissue DNA,SZ3A4B_FIPV5,FIP,TGGTCATCTCCTAGAAGAGATCCAGCCCTAAGTCTCTTAATTCG,both,But 2020 https://doi.org/10.1038/s41598-020-61150-8,in_silico,COI,na,58,Shark,Carcharhiniformes,Sphyrnidae,Sphyrna,Sphyrna zygaena,na
https://dx.doi.org/10.1007/s10592-005-9036-2,Abercrombie et al. 2005,rapid_tools,Multiplex PCR; Multiplex qPCR,Tissue DNA,SmHH630F,F,TGAGTGCTGTGAGGGCACGTGGCCT,both,Abercrombie 2005 http://dx.doi.org/10.1007/s10592-005-9036-2,na,ITS2,na,65,Shark,Carcharhiniformes,Sphyrnidae,Sphyrna,Sphyrna zygaena,na
http://dx.doi.org/10.1002/aqc.3954,Faure et al. 2023,rapid_tools,Real Time PCR (qPCR),eDNA,AM-F,F,TACTTTTACTACTTGCCTCAGCCG,both,Faure 2023 http://dx.doi.org/10.1002/aqc.3954,,COI,45.8,na,Shark,Squatiniformes,Sphyrnidae,Squatina,Squatina aculeata; Squatina oculata; Squatina squatina,na
http://dx.doi.org/10.1002/aqc.3954,Faure et al. 2023,rapid_tools,Real Time PCR (qPCR),eDNA,AM-R,R,GTGGTGTTTGATACTGGGAAATGGC,both,Faure 2023 http://dx.doi.org/10.1002/aqc.3954,,COI,48,na,Shark,Squatiniformes,Squatinidae,Squatina,Squatina aculeata; Squatina oculata; Squatina squatina,na
http://dx.doi.org/10.1111/j.1755-0998.2009.02728.x,de-Franco 2009,rapid_tools,Multiplex PCR,Tissue DNA,ZbrF,F,CAAACACCTCTATTCGTCTGAG,applied,De-Franco 2009 https://doi.org/10.1111/j.1755-0998.2009.02728.x,na,COI,na,50,Ray,Rhinopristiformes,Trygonorrhinidae,Zapteryx,Zapteryx brevirostris,na